class,x0,y0,z0,v0,x1,y1,z1,v1,x2,y2,z2,v2,x3,y3,z3,v3,x4,y4,z4,v4,x5,y5,z5,v5,x6,y6,z6,v6,x7,y7,z7,v7,x8,y8,z8,v8,x9,y9,z9,v9,x10,y10,z10,v10,x11,y11,z11,v11,x12,y12,z12,v12,x13,y13,z13,v13,x14,y14,z14,v14,x15,y15,z15,v15,x16,y16,z16,v16,x17,y17,z17,v17,x18,y18,z18,v18,x19,y19,z19,v19,x20,y20,z20,v20,x21,y21,z21,v21,x22,y22,z22,v22,x23,y23,z23,v23,x24,y24,z24,v24,x25,y25,z25,v25,x26,y26,z26,v26,x27,y27,z27,v27,x28,y28,z28,v28,x29,y29,z29,v29,x30,y30,z30,v30,x31,y31,z31,v31,x32,y32,z32,v32
jumping,0.4509197473526001,0.46379873156547546,-0.17979544401168823,0.9999810457229614,0.44906798005104065,0.45999935269355774,-0.17896035313606262,0.9999468922615051,0.4488169848918915,0.45753616094589233,-0.17895013093948364,0.9999372959136963,0.44852495193481445,0.4552133083343506,-0.17901472747325897,0.9999474883079529,0.44798964262008667,0.4682139456272125,-0.18912003934383392,0.9999537467956543,0.44662007689476013,0.47028282284736633,-0.1891634613275528,0.9999435544013977,0.4454672932624817,0.4723987281322479,-0.18917568027973175,0.9999442100524902,0.442950576543808,0.45461174845695496,-0.12621605396270752,0.999928891658783,0.43805092573165894,0.4806806147098541,-0.17368783056735992,0.9999445080757141,0.45002374053001404,0.459922730922699,-0.15419885516166687,0.9999692440032959,0.44858109951019287,0.47012805938720703,-0.1680486500263214,0.9999679923057556,0.4339427947998047,0.43035590648651123,-0.05330319330096245,0.9999564290046692,0.43063515424728394,0.5230864882469177,-0.13563354313373566,0.9999611377716064,0.43711286783218384,0.38340193033218384,-0.004959161393344402,0.9700232744216919,0.4350745379924774,0.5674917101860046,-0.13872893154621124,0.983075737953186,0.4620375335216522,0.3319530487060547,-0.007362627889961004,0.9250418543815613,0.4672791659832001,0.5953126549720764,-0.15709927678108215,0.9376770853996277,0.46757563948631287,0.31691277027130127,-0.010013357736170292,0.8492429852485657,0.4705466628074646,0.6022858619689941,-0.16446739435195923,0.8757815361022949,0.4687524437904358,0.3185391426086426,-0.025936966761946678,0.8644230365753174,0.4736780524253845,0.5991074442863464,-0.17622806131839752,0.8814007043838501,0.46736839413642883,0.3252916634082794,-0.015430876053869724,0.8343365788459778,0.4724690616130829,0.5950279831886292,-0.16142411530017853,0.8527730703353882,0.49965745210647583,0.5103046894073486,0.022291630506515503,0.999565839767456,0.49093955755233765,0.5521692037582397,-0.022200744599103928,0.9995923638343811,0.5368614196777344,0.5430026650428772,0.014540235511958599,0.9430744051933289,0.5280019044876099,0.5897138118743896,-0.07836434990167618,0.9438961744308472,0.568774938583374,0.5789810419082642,0.11474539339542389,0.9205499291419983,0.5737978219985962,0.6385539770126343,0.012906676158308983,0.9276990294456482,0.5717111825942993,0.5876462459564209,0.12259239703416824,0.8256232142448425,0.5786576867103577,0.6465994119644165,0.0201259758323431,0.7256545424461365,0.5835408568382263,0.5753405690193176,0.08354800194501877,0.9274809956550598,0.5925699472427368,0.6403481364250183,-0.04030798375606537,0.927830159664154
jumping,0.4514789581298828,0.4675206243991852,-0.23315215110778809,0.9999760389328003,0.44926124811172485,0.4609549641609192,-0.23650425672531128,0.9999438524246216,0.4489172101020813,0.45832014083862305,-0.23651401698589325,0.9999327659606934,0.4485349953174591,0.4559858441352844,-0.23661714792251587,0.9999459981918335,0.44858044385910034,0.4710690677165985,-0.24188143014907837,0.9999449253082275,0.4474157989025116,0.4757927656173706,-0.24189329147338867,0.9999263882637024,0.4465053975582123,0.47850894927978516,-0.24185538291931152,0.999929666519165,0.4427010715007782,0.4554944932460785,-0.2004959136247635,0.9999258518218994,0.43899884819984436,0.4849078059196472,-0.22486528754234314,0.9999316930770874,0.45027658343315125,0.46353307366371155,-0.21363186836242676,0.9999621510505676,0.45090290904045105,0.477975457906723,-0.22087576985359192,0.9999515414237976,0.43107643723487854,0.433556467294693,-0.1339486986398697,0.9999603629112244,0.43159353733062744,0.5247125625610352,-0.1667298525571823,0.9999276399612427,0.4371183216571808,0.38600367307662964,-0.09395895898342133,0.9699342250823975,0.4488449990749359,0.5627120733261108,-0.10871943831443787,0.938584566116333,0.46236276626586914,0.3349777162075043,-0.11441180855035782,0.9298396706581116,0.4674842655658722,0.5633037090301514,-0.05821199715137482,0.8600379824638367,0.4686511754989624,0.3208807408809662,-0.12448850274085999,0.8573498129844666,0.4716889560222626,0.5660454630851746,-0.058296024799346924,0.7987194061279297,0.46995824575424194,0.321830153465271,-0.13986961543560028,0.872660756111145,0.4728407561779022,0.563393771648407,-0.07159462571144104,0.8048852682113647,0.46826431155204773,0.32796743512153625,-0.12209071964025497,0.8450785279273987,0.4712287485599518,0.5607307553291321,-0.06191157177090645,0.779791533946991,0.4809713065624237,0.5040857195854187,0.015614026226103306,0.9996018409729004,0.4798711836338043,0.5460249185562134,-0.01554072741419077,0.9996106028556824,0.4796871542930603,0.4921627342700958,0.12163583934307098,0.866717517375946,0.4842442274093628,0.566356360912323,0.09048295021057129,0.8847044110298157,0.5026441216468811,0.5142961740493774,0.2587701678276062,0.8388924598693848,0.492948055267334,0.585300862789154,0.2328326553106308,0.8534803986549377,0.5049917101860046,0.5221244692802429,0.27263909578323364,0.7597841620445251,0.49262797832489014,0.5903898477554321,0.24720753729343414,0.6717501878738403,0.5139366388320923,0.5022785067558289,0.2574061453342438,0.8608980774879456,0.5030720233917236,0.5766153931617737,0.22611768543720245,0.8704891204833984
jumping,0.4508594572544098,0.46777307987213135,-0.28254130482673645,0.9999663233757019,0.44667407870292664,0.4603084325790405,-0.28728052973747253,0.9999191761016846,0.4463527798652649,0.45786815881729126,-0.28724536299705505,0.9999094009399414,0.44592925906181335,0.45567989349365234,-0.2873184382915497,0.999919056892395,0.44610804319381714,0.46988317370414734,-0.2943874001502991,0.9999257326126099,0.4453372359275818,0.47335025668144226,-0.29444023966789246,0.9999052882194519,0.4442124664783478,0.4778127074241638,-0.29442721605300903,0.9999046325683594,0.43950626254081726,0.4553186297416687,-0.2502827048301697,0.9998831748962402,0.4380912780761719,0.4827594757080078,-0.28315022587776184,0.9999262690544128,0.4473350942134857,0.46504393219947815,-0.2616439759731293,0.9999338388442993,0.4496537148952484,0.476966917514801,-0.2713682949542999,0.9999264478683472,0.42885810136795044,0.4385152757167816,-0.16637301445007324,0.9999622106552124,0.4309942126274109,0.5224131345748901,-0.20800302922725677,0.9999286532402039,0.43664437532424927,0.3978841006755829,-0.107362300157547,0.9632862210273743,0.44753116369247437,0.550670325756073,-0.11625015735626221,0.8991941809654236,0.4552573561668396,0.35269036889076233,-0.09707936644554138,0.9280760884284973,0.45878684520721436,0.5447822213172913,-0.05435957759618759,0.7968804240226746,0.46189719438552856,0.3389309048652649,-0.09987953305244446,0.8556721806526184,0.46237078309059143,0.5472816228866577,-0.046893633902072906,0.7375857830047607,0.4623090624809265,0.3411632478237152,-0.11209006607532501,0.8718265295028687,0.4618876874446869,0.5421662926673889,-0.06233708932995796,0.7440087199211121,0.45968130230903625,0.34880518913269043,-0.10248925536870956,0.846966564655304,0.4604204595088959,0.5395999550819397,-0.056848879903554916,0.7244164347648621,0.4679780900478363,0.49580326676368713,0.008125754073262215,0.9996370077133179,0.4670543670654297,0.5360707640647888,-0.007911826483905315,0.9996476173400879,0.45286378264427185,0.4710526764392853,0.01818850077688694,0.8412051796913147,0.46870845556259155,0.5669341683387756,-0.10324828326702118,0.8857936859130859,0.4681735634803772,0.4328306019306183,0.056303396821022034,0.8050790429115295,0.4922492206096649,0.5846658945083618,-0.041545234620571136,0.8171643614768982,0.4749368131160736,0.4305177330970764,0.059869423508644104,0.7414951324462891,0.4948855936527252,0.5855033993721008,-0.03563239797949791,0.6618224382400513,0.45979464054107666,0.407433420419693,0.034351758658885956,0.8475745916366577,0.49796807765960693,0.5870631337165833,-0.07533983141183853,0.8549213409423828
jumping,0.4448045790195465,0.4678576588630676,-0.3142111003398895,0.9999248385429382,0.44042637944221497,0.46184033155441284,-0.31771230697631836,0.9998770952224731,0.4398035705089569,0.45922401547431946,-0.31769710779190063,0.9998643398284912,0.4392109811306,0.45673173666000366,-0.3177888095378876,0.9998893737792969,0.4408734440803528,0.4708079993724823,-0.3241294324398041,0.9998685121536255,0.4405887722969055,0.4741382300853729,-0.32415351271629333,0.9998190999031067,0.4401961863040924,0.47794607281684875,-0.32415688037872314,0.9998084902763367,0.4325128197669983,0.45560115575790405,-0.27580878138542175,0.9998394846916199,0.43344172835350037,0.4847761392593384,-0.3056820034980774,0.9998359084129333,0.44261008501052856,0.4659464359283447,-0.2915979325771332,0.9998772740364075,0.44362789392471313,0.47639572620391846,-0.30046984553337097,0.9998090863227844,0.4223092794418335,0.4402214586734772,-0.19898401200771332,0.9999638795852661,0.43097957968711853,0.5204888582229614,-0.21851469576358795,0.9991429448127747,0.4352973699569702,0.39914411306381226,-0.1419678032398224,0.965232253074646,0.4499027132987976,0.5468307137489319,-0.12610647082328796,0.8644012808799744,0.4551644027233124,0.3515562117099762,-0.15570645034313202,0.9345883727073669,0.46055418252944946,0.551759660243988,-0.0747588723897934,0.7638013958930969,0.46167147159576416,0.3381618857383728,-0.16596928238868713,0.8682782649993896,0.4641132354736328,0.5555620789527893,-0.07363063842058182,0.7020826935768127,0.4629116952419281,0.33977770805358887,-0.1831667274236679,0.8832936882972717,0.46429958939552307,0.5535913109779358,-0.08988119661808014,0.7118459343910217,0.4610062837600708,0.3450617790222168,-0.16343604028224945,0.8607572913169861,0.46296435594558716,0.5500673055648804,-0.07911285012960434,0.6960011720657349,0.4571366608142853,0.48810243606567383,0.0034203357063233852,0.9996587038040161,0.45936688780784607,0.5246169567108154,-0.0032761073671281338,0.999599277973175,0.48049604892730713,0.4944600462913513,0.09789776802062988,0.7939985394477844,0.4769122302532196,0.5545928478240967,0.09205827862024307,0.8201732635498047,0.5113518238067627,0.5381280779838562,0.24489064514636993,0.7510960698127747,0.5027161836624146,0.5693898797035217,0.23280498385429382,0.7534481287002563,0.5159777998924255,0.5462223291397095,0.2587859034538269,0.7035276293754578,0.5067006945610046,0.5707271695137024,0.24677912890911102,0.6242206692695618,0.5187603831291199,0.5540101528167725,0.22515921294689178,0.8021945357322693,0.5103175640106201,0.5718259215354919,0.2121598869562149,0.8017042875289917
jumping,0.4230169355869293,0.47400644421577454,-0.3209766447544098,0.9999127388000488,0.4229468107223511,0.4696061313152313,-0.32142966985702515,0.999835729598999,0.42480263113975525,0.4642811119556427,-0.321382611989975,0.9998136758804321,0.42480480670928955,0.46164047718048096,-0.3214386999607086,0.9998259544372559,0.42212459444999695,0.47652366757392883,-0.3255406320095062,0.9998417496681213,0.421994686126709,0.47714900970458984,-0.32559555768966675,0.9997982978820801,0.4218430817127228,0.47834694385528564,-0.32564404606819153,0.9997870326042175,0.4217016100883484,0.45684874057769775,-0.2706197202205658,0.9997668266296387,0.4200070798397064,0.48404157161712646,-0.2899138629436493,0.9998113512992859,0.4243820905685425,0.4737873077392578,-0.2966521978378296,0.9998037219047546,0.42264387011528015,0.4815256893634796,-0.30233171582221985,0.9997397065162659,0.42205384373664856,0.43933555483818054,-0.18177787959575653,0.9999515414237976,0.4226793944835663,0.5108369588851929,-0.22568564116954803,0.9991716742515564,0.4336095452308655,0.4069555699825287,-0.09870077669620514,0.9643137454986572,0.44203296303749084,0.5480490326881409,-0.20611125230789185,0.8679351210594177,0.44064435362815857,0.37156686186790466,-0.09167195111513138,0.93805330991745,0.44692763686180115,0.5574124455451965,-0.21446558833122253,0.7803014516830444,0.44668781757354736,0.35919874906539917,-0.07521448284387589,0.8756667375564575,0.45305174589157104,0.5704977512359619,-0.2217302769422531,0.7204539179801941,0.44906705617904663,0.358516663312912,-0.09168064594268799,0.890808641910553,0.4542936384677887,0.5689632296562195,-0.2354782670736313,0.7308996319770813,0.44769713282585144,0.36270788311958313,-0.09319223463535309,0.8707594871520996,0.4539192318916321,0.5593341588973999,-0.2194967269897461,0.7161058783531189,0.45901405811309814,0.4847075343132019,0.006177057512104511,0.99968421459198,0.45479053258895874,0.5220062732696533,-0.006133514456450939,0.999616265296936,0.4842763841152191,0.4971528649330139,0.06803366541862488,0.7764350771903992,0.47521165013313293,0.5509189367294312,0.037285130470991135,0.7980536222457886,0.502605140209198,0.5386332273483276,0.20658597350120544,0.7263155579566956,0.5010402798652649,0.5706925988197327,0.18230067193508148,0.7437828779220581,0.5030834078788757,0.5461370944976807,0.22052523493766785,0.6856841444969177,0.5045486688613892,0.5707744359970093,0.19631919264793396,0.6216784715652466,0.5130944848060608,0.5509528517723083,0.1862630993127823,0.7848078608512878,0.5109241008758545,0.5804944038391113,0.15731512010097504,0.7979416251182556
jumping,0.4233085513114929,0.43822941184043884,-0.1314515471458435,0.9998905658721924,0.4209383428096771,0.4371374547481537,-0.12897953391075134,0.9997904896736145,0.42071637511253357,0.43607407808303833,-0.12896187603473663,0.9997550249099731,0.420322448015213,0.4352465271949768,-0.1289815753698349,0.9997852444648743,0.42114439606666565,0.4408431947231293,-0.14066703617572784,0.9998153448104858,0.4208686947822571,0.4426424205303192,-0.14072003960609436,0.9997698068618774,0.42057958245277405,0.44450250267982483,-0.1408008486032486,0.9997698068618774,0.4165605902671814,0.4396733045578003,-0.09724566340446472,0.9997016191482544,0.41677454113960266,0.4548199772834778,-0.1519566923379898,0.9997937083244324,0.42352965474128723,0.4427570104598999,-0.11653073877096176,0.9997565746307373,0.42351263761520386,0.44607439637184143,-0.13244779407978058,0.999702513217926,0.4181798994541168,0.43884003162384033,-0.059685781598091125,0.9999370574951172,0.4201820492744446,0.49556964635849,-0.1355481594800949,0.9992069602012634,0.42908498644828796,0.41502079367637634,-0.004716741386801004,0.9485853314399719,0.4311789870262146,0.5478107929229736,-0.15198178589344025,0.8777064681053162,0.4321947693824768,0.3898758292198181,0.007337710354477167,0.9326239228248596,0.43519166111946106,0.5627777576446533,-0.15740522742271423,0.7950563430786133,0.4337540566921234,0.3808503746986389,0.011872258968651295,0.8674084544181824,0.43890488147735596,0.5718722343444824,-0.16092780232429504,0.7349123954772949,0.4353547692298889,0.3822433650493622,0.00201749918051064,0.8833782076835632,0.437213271856308,0.5690624117851257,-0.17874883115291595,0.7453840970993042,0.43616917729377747,0.3823436200618744,0.003229884197935462,0.8668457269668579,0.4366820454597473,0.5629571080207825,-0.16247519850730896,0.7300941348075867,0.467099130153656,0.4888167083263397,0.017739534378051758,0.9996455311775208,0.4638257622718811,0.5224003791809082,-0.01777118444442749,0.9995695352554321,0.48134884238243103,0.503142774105072,0.01913396827876568,0.7355124354362488,0.4817856550216675,0.5517956018447876,-0.044720157980918884,0.7958037853240967,0.5038522481918335,0.5518308281898499,0.08486095070838928,0.6849832534790039,0.5046823024749756,0.5752596855163574,0.035700634121894836,0.7283695936203003,0.5060990452766418,0.5619779825210571,0.09021170437335968,0.6531412601470947,0.5059049725532532,0.5786075592041016,0.04419589415192604,0.6087848544120789,0.5134680867195129,0.5572925209999084,0.07146275043487549,0.7538704872131348,0.5160356163978577,0.5788957476615906,0.02568029798567295,0.7905603051185608
jumping,0.4140736162662506,0.4462866485118866,0.06412320584058762,0.9996620416641235,0.414960652589798,0.444269597530365,0.06235671415925026,0.999563992023468,0.41498538851737976,0.43767064809799194,0.062349263578653336,0.99949049949646,0.41502249240875244,0.4406023621559143,0.06233237683773041,0.9995265603065491,0.4151482880115509,0.4513753354549408,0.06732448935508728,0.9995306134223938,0.4152326285839081,0.4529116451740265,0.06731083989143372,0.9994170665740967,0.41532859206199646,0.4543409049510956,0.06727595627307892,0.9995774030685425,0.41540277004241943,0.4529213011264801,0.061088621616363525,0.9995679259300232,0.4157882332801819,0.46234869956970215,0.08308200538158417,0.9996189475059509,0.4141489267349243,0.45724162459373474,0.06464170664548874,0.9994611144065857,0.41406139731407166,0.4498525559902191,0.07080953568220139,0.9995054602622986,0.4150063693523407,0.4838257431983948,0.016207890585064888,0.9999237060546875,0.4207884669303894,0.4981517195701599,0.11208026111125946,0.9992613196372986,0.42398443818092346,0.49628403782844543,-0.02335404045879841,0.9334155917167664,0.42806148529052734,0.5319271683692932,0.1077595129609108,0.823806881904602,0.4232001006603241,0.5171517133712769,-0.04406870901584625,0.8916146755218506,0.429993599653244,0.5412307381629944,0.0783352479338646,0.7569726705551147,0.42414623498916626,0.5199028253555298,-0.07121741771697998,0.8238703012466431,0.4331130385398865,0.5429169535636902,0.08111950755119324,0.6998171210289001,0.423030823469162,0.519586980342865,-0.03671432286500931,0.8363404870033264,0.4301486313343048,0.542445719242096,0.06733597069978714,0.7106397151947021,0.423145592212677,0.5190283060073853,-0.026689445599913597,0.8182336688041687,0.42864444851875305,0.5427233576774597,0.07252059876918793,0.6965193748474121,0.46994906663894653,0.5277544856071472,-0.03319256752729416,0.9996354579925537,0.473114550113678,0.5349667072296143,0.03328721225261688,0.999593198299408,0.47678759694099426,0.5428265333175659,-0.07410416007041931,0.7559332847595215,0.5126041769981384,0.5788766145706177,0.0225340835750103,0.7854896783828735,0.49440881609916687,0.5502112507820129,-0.008486923761665821,0.6966784596443176,0.5484925508499146,0.5826334357261658,0.047740817070007324,0.7415643334388733,0.4957188367843628,0.5486912131309509,-0.00099388777744025,0.6733298897743225,0.5534684062004089,0.5869072079658508,0.050413861870765686,0.6350703835487366,0.5031464099884033,0.5526486039161682,-0.0024652944412082434,0.7627307772636414,0.5579677820205688,0.6071177124977112,0.03166872262954712,0.7978366017341614
jumping,0.4261617064476013,0.47392958402633667,0.17686690390110016,0.9988085627555847,0.41988515853881836,0.47241950035095215,0.15399760007858276,0.9990275502204895,0.4192042350769043,0.4760509431362152,0.15395674109458923,0.9988723993301392,0.41857534646987915,0.47968026995658875,0.1539182811975479,0.9990107417106628,0.4223955273628235,0.4553627669811249,0.16124173998832703,0.99904465675354,0.4230462908744812,0.4547208547592163,0.1612856537103653,0.9988842010498047,0.42334413528442383,0.4544292986392975,0.16123275458812714,0.9990767240524292,0.4226962924003601,0.491714209318161,0.07256484776735306,0.9990054368972778,0.4273996353149414,0.460212767124176,0.10513953119516373,0.9991508722305298,0.43081486225128174,0.4875583350658417,0.1507132649421692,0.9985285997390747,0.4326927959918976,0.4786171317100525,0.1598118394613266,0.9985325336456299,0.4419248700141907,0.5372890830039978,-0.002746828831732273,0.9998660087585449,0.4679577648639679,0.4598150849342346,0.09709575772285461,0.9990422129631042,0.4243008494377136,0.5228533744812012,-0.10142655670642853,0.8770233392715454,0.46048280596733093,0.4256860613822937,0.07339232414960861,0.8133319020271301,0.42747485637664795,0.5136530995368958,-0.2092723846435547,0.8369529843330383,0.4543582797050476,0.396470308303833,0.005663837771862745,0.7389400601387024,0.4288256764411926,0.5133579969406128,-0.24057690799236298,0.7766767144203186,0.4549523591995239,0.38528043031692505,-0.010669219307601452,0.6840925812721252,0.4315113425254822,0.5072731971740723,-0.2387992888689041,0.7877589464187622,0.4520811140537262,0.39072978496551514,-0.019474554806947708,0.6933749318122864,0.4331763982772827,0.506794273853302,-0.21225912868976593,0.7694143652915955,0.4517776370048523,0.3994618356227875,-0.0003701034584082663,0.6771812438964844,0.5638441443443298,0.5924603939056396,-0.05133642256259918,0.9996678233146667,0.5736992359161377,0.5456224679946899,0.05106165260076523,0.9996077418327332,0.6397470831871033,0.6797468662261963,-0.09300773590803146,0.7482427358627319,0.6319789886474609,0.6012243032455444,0.04094327986240387,0.7264410257339478,0.7209099531173706,0.779437780380249,-0.141316756606102,0.692632257938385,0.708014726638794,0.6613180637359619,0.011147692799568176,0.6946970820426941,0.7396806478500366,0.7868611216545105,-0.14978408813476562,0.6819180250167847,0.7238374352455139,0.6701940298080444,0.00490983622148633,0.6145362257957458,0.7207628488540649,0.818135678768158,-0.21666108071804047,0.7375917434692383,0.7127286791801453,0.6920307874679565,-0.04591574892401695,0.7432176470756531
jumping,0.4435895085334778,0.4746526777744293,-0.21320167183876038,0.9911668300628662,0.44070205092430115,0.4676676094532013,-0.22231899201869965,0.9905155301094055,0.4402432143688202,0.46530479192733765,-0.22230826318264008,0.9926716089248657,0.44008904695510864,0.4607078731060028,-0.22233648598194122,0.991947591304779,0.43694713711738586,0.4822494089603424,-0.22207243740558624,0.9925127029418945,0.43643391132354736,0.4860958456993103,-0.22211328148841858,0.9942474365234375,0.43592625856399536,0.48997414112091064,-0.22215719521045685,0.9942916631698608,0.4344756007194519,0.4550657272338867,-0.21167699992656708,0.9867945909500122,0.43116843700408936,0.49602213501930237,-0.21133846044540405,0.9915992617607117,0.44192060828208923,0.4690391719341278,-0.20434527099132538,0.988746702671051,0.4409381151199341,0.4819299280643463,-0.20465408265590668,0.9917938113212585,0.43354332447052,0.42592868208885193,-0.1467382311820984,0.9993463754653931,0.4253598749637604,0.5191771984100342,-0.15043960511684418,0.9990487098693848,0.4267326891422272,0.41074609756469727,-0.09136949479579926,0.828101634979248,0.42493247985839844,0.5525279641151428,-0.12645086646080017,0.8293968439102173,0.42476585507392883,0.38048672676086426,-0.07014403492212296,0.8117268085479736,0.43058499693870544,0.5819867253303528,-0.1253626048564911,0.7593154907226562,0.42635098099708557,0.3668460249900818,-0.07543628662824631,0.7611792683601379,0.43030279874801636,0.6022130250930786,-0.14015251398086548,0.708346426486969,0.42795753479003906,0.3733777701854706,-0.08288294821977615,0.7722094655036926,0.43294593691825867,0.5926231741905212,-0.14534501731395721,0.7167038321495056,0.42709439992904663,0.37522172927856445,-0.07104986160993576,0.7463305592536926,0.43238893151283264,0.5884686708450317,-0.12727892398834229,0.6990454196929932,0.4036538302898407,0.44775062799453735,0.007769356016069651,0.9996764659881592,0.40262216329574585,0.49248865246772766,-0.007828210480511189,0.9996408820152283,0.419933021068573,0.4323347210884094,0.13679194450378418,0.6898984909057617,0.41949179768562317,0.5369150638580322,0.028861531987786293,0.7284539937973022,0.4160349667072296,0.4251222610473633,0.29668861627578735,0.661541223526001,0.42259740829467773,0.5801292061805725,0.11445225030183792,0.7024469971656799,0.4142053723335266,0.4267824590206146,0.3130415380001068,0.652157187461853,0.4205649495124817,0.5859301090240479,0.12303865700960159,0.6216831207275391,0.41691750288009644,0.4134891927242279,0.279287189245224,0.7037941813468933,0.432510644197464,0.6028623580932617,0.07749227434396744,0.7370952367782593
jumping,0.44288772344589233,0.47460660338401794,-0.03633524850010872,0.9914722442626953,0.44168975949287415,0.4697638154029846,-0.04779183864593506,0.9909979104995728,0.4415324628353119,0.46744558215141296,-0.047831736505031586,0.9930447340011597,0.44143494963645935,0.4645974934101105,-0.047869931906461716,0.9923485517501831,0.4408944547176361,0.48055413365364075,-0.04648568108677864,0.9928160309791565,0.440738707780838,0.48314282298088074,-0.04648519307374954,0.9944533109664917,0.43902406096458435,0.48775002360343933,-0.046529222279787064,0.9944031834602356,0.43755194544792175,0.45860469341278076,-0.07872223854064941,0.987349271774292,0.4360760748386383,0.4922686517238617,-0.0726771429181099,0.9914811849594116,0.4389640688896179,0.4688684642314911,-0.044804610311985016,0.9887940287590027,0.4402548372745514,0.4787276089191437,-0.04346023499965668,0.9915569424629211,0.4286775290966034,0.42789706587791443,-0.0748070776462555,0.999036431312561,0.42791512608528137,0.5128738284111023,-0.05884899944067001,0.9989447593688965,0.4241165220737457,0.3993912935256958,-0.07385783642530441,0.8420701622962952,0.42743614315986633,0.5528654456138611,-0.06958936154842377,0.8423205614089966,0.42945870757102966,0.3580176532268524,-0.07854877412319183,0.829031229019165,0.43297120928764343,0.5826694369316101,-0.08801943808794022,0.776112973690033,0.429495245218277,0.3462085723876953,-0.08988507091999054,0.7826250195503235,0.43288344144821167,0.5958235263824463,-0.0988900288939476,0.726655900478363,0.43240779638290405,0.34958934783935547,-0.08936835825443268,0.7926696538925171,0.43443718552589417,0.5885222554206848,-0.10012615472078323,0.7342593669891357,0.4321439862251282,0.3536422848701477,-0.07799655944108963,0.767849326133728,0.4347979426383972,0.5847324728965759,-0.08913833647966385,0.7158592343330383,0.4037417769432068,0.4484907388687134,0.003972088452428579,0.9996838569641113,0.4077664613723755,0.49407127499580383,-0.0040738522075116634,0.9996659159660339,0.42244604229927063,0.4455340504646301,0.07876048237085342,0.6735358238220215,0.42718154191970825,0.5527585744857788,0.02447090856730938,0.7496469616889954,0.42297691106796265,0.44191980361938477,0.1736004650592804,0.6713650226593018,0.43284183740615845,0.61130291223526,0.04015865549445152,0.7271454334259033,0.42201822996139526,0.445860892534256,0.18333472311496735,0.6559546589851379,0.43041524291038513,0.6201784610748291,0.0418640598654747,0.6517821550369263,0.42653098702430725,0.4270688593387604,0.15523508191108704,0.7083906531333923,0.44036930799484253,0.6143755912780762,0.006803270895034075,0.7550098299980164
jumping,0.4397505223751068,0.47274190187454224,-0.19373442232608795,0.9917163848876953,0.4371773302555084,0.46787047386169434,-0.19579733908176422,0.9915947318077087,0.4372291564941406,0.46576204895973206,-0.19575853645801544,0.9935225248336792,0.43718230724334717,0.4639325737953186,-0.19581355154514313,0.9929066300392151,0.43720534443855286,0.47460654377937317,-0.19832803308963776,0.9933076500892639,0.4368394911289215,0.47660261392593384,-0.19833306968212128,0.9948220252990723,0.43596506118774414,0.47909218072891235,-0.19837985932826996,0.9947487115859985,0.433316171169281,0.4571748375892639,-0.16611003875732422,0.9882301688194275,0.4313618242740631,0.4815487861633301,-0.18334048986434937,0.9918860793113708,0.4375421702861786,0.46549728512763977,-0.1822987198829651,0.9889988899230957,0.43739357590675354,0.4752348065376282,-0.18571096658706665,0.9914178252220154,0.4292420446872711,0.42920011281967163,-0.1189509779214859,0.9976983070373535,0.42296692728996277,0.5014912486076355,-0.12335321307182312,0.9981821179389954,0.42715924978256226,0.39267846941947937,-0.10927461832761765,0.8554195761680603,0.4285186231136322,0.5507864356040955,-0.1268017739057541,0.8576053380966187,0.43767574429512024,0.3501383662223816,-0.1097121462225914,0.8349148035049438,0.4391615688800812,0.5955060720443726,-0.13169127702713013,0.7950866222381592,0.4383341670036316,0.3363098204135895,-0.1137581542134285,0.787320077419281,0.44250521063804626,0.6024731993675232,-0.1369917243719101,0.7477927207946777,0.4398321211338043,0.3375706076622009,-0.11289677023887634,0.7960073351860046,0.44503411650657654,0.5991045236587524,-0.1300651729106903,0.7543554306030273,0.43922215700149536,0.34285661578178406,-0.10796025395393372,0.7657186985015869,0.44416195154190063,0.5933651328086853,-0.12946981191635132,0.7320873737335205,0.4154777526855469,0.4412962794303894,0.0049775708466768265,0.9991530776023865,0.41036513447761536,0.48344382643699646,-0.005185077432543039,0.9994490742683411,0.432716965675354,0.4064215421676636,0.03748977929353714,0.697976291179657,0.42580166459083557,0.5520111322402954,0.023086730390787125,0.7722576260566711,0.4318872094154358,0.3433798849582672,0.10969250649213791,0.6968442797660828,0.433854877948761,0.6047105193138123,0.06623882800340652,0.7483153343200684,0.43125972151756287,0.3309471011161804,0.11784707754850388,0.6793845891952515,0.43202105164527893,0.6160385012626648,0.07163695245981216,0.6738266944885254,0.4368305206298828,0.3291919529438019,0.09161849319934845,0.7325519919395447,0.44531163573265076,0.6155332922935486,0.04118981212377548,0.7745704650878906
jumping,0.44124141335487366,0.4686218798160553,-0.18693707883358002,0.9921483993530273,0.4410065710544586,0.465800017118454,-0.19279895722866058,0.9920533895492554,0.4407908618450165,0.4629981517791748,-0.19276119768619537,0.9939122796058655,0.4404814839363098,0.46021756529808044,-0.19278937578201294,0.9933738112449646,0.4415925145149231,0.47332480549812317,-0.1939247101545334,0.9936103224754333,0.4411187171936035,0.4758378267288208,-0.19392754137516022,0.9949979782104492,0.44060632586479187,0.4783516228199005,-0.19395963847637177,0.9948626160621643,0.43791067600250244,0.4557208716869354,-0.18107342720031738,0.9890004396438599,0.43609189987182617,0.4830899238586426,-0.18842220306396484,0.991504967212677,0.4384825527667999,0.4625326097011566,-0.17971311509609222,0.9887965321540833,0.4412805736064911,0.4742729365825653,-0.1812979280948639,0.9903591871261597,0.4287622570991516,0.42947909235954285,-0.13829860091209412,0.9964604377746582,0.4245482385158539,0.5050123333930969,-0.1415395587682724,0.997020959854126,0.4310488700866699,0.3874615430831909,-0.12848849594593048,0.8690807819366455,0.43229714035987854,0.554629385471344,-0.14342503249645233,0.8704861402511597,0.4484664797782898,0.3457605540752411,-0.13030573725700378,0.8491870164871216,0.4510315954685211,0.5938780903816223,-0.14770372211933136,0.8116092681884766,0.4502744674682617,0.3325777053833008,-0.1356184482574463,0.8053785562515259,0.4542792737483978,0.603219211101532,-0.15878407657146454,0.7680966854095459,0.45184630155563354,0.333546906709671,-0.13890831172466278,0.8127421736717224,0.4559555649757385,0.5993025302886963,-0.15420879423618317,0.7735424637794495,0.45084890723228455,0.3386215567588806,-0.1304781287908554,0.7838720083236694,0.45569732785224915,0.595832884311676,-0.14636732637882233,0.7511826157569885,0.4227646589279175,0.4492507576942444,0.005665776785463095,0.997397243976593,0.4190797507762909,0.491569459438324,-0.005851335823535919,0.9979180097579956,0.4561804533004761,0.4589635729789734,0.016590896993875504,0.6934622526168823,0.4486035704612732,0.5503037571907043,0.015112400986254215,0.789269745349884,0.47517868876457214,0.46888652443885803,0.07868126779794693,0.7194420695304871,0.471426784992218,0.6013005971908569,0.056307341903448105,0.7699992060661316,0.4762588441371918,0.47410815954208374,0.08424714207649231,0.699881374835968,0.47356078028678894,0.6062399744987488,0.060013797134160995,0.699435830116272,0.48411235213279724,0.46538135409355164,0.03936944901943207,0.7538253664970398,0.47442352771759033,0.6026024222373962,0.018531758338212967,0.7933244705200195
jumping,0.4438900053501129,0.4683399200439453,-0.14732369780540466,0.9908553957939148,0.4427596628665924,0.4650190472602844,-0.15424875915050507,0.9907405376434326,0.44249582290649414,0.4614587426185608,-0.1541847139596939,0.9929853081703186,0.4421170651912689,0.45878008008003235,-0.15417565405368805,0.9926319718360901,0.44318294525146484,0.4726586937904358,-0.15411850810050964,0.9924007654190063,0.44251853227615356,0.4762810170650482,-0.15407736599445343,0.9937742948532104,0.4420284032821655,0.4789346754550934,-0.15408453345298767,0.993332028388977,0.4399590492248535,0.4556412696838379,-0.15520890057086945,0.9878974556922913,0.4377749264240265,0.48455142974853516,-0.15387310087680817,0.9861705899238586,0.44058623909950256,0.4627913534641266,-0.14436990022659302,0.9836493134498596,0.4419516921043396,0.4736209809780121,-0.1442297250032425,0.9824724197387695,0.42909955978393555,0.43139347434043884,-0.11543561518192291,0.9919280409812927,0.42503291368484497,0.5067406296730042,-0.11091744154691696,0.9905391335487366,0.43158823251724243,0.38839972019195557,-0.1190265342593193,0.8810434937477112,0.43163830041885376,0.5579466223716736,-0.10873328894376755,0.8798041939735413,0.449247270822525,0.3476056456565857,-0.10798235982656479,0.8616979122161865,0.44952794909477234,0.5926852226257324,-0.1020372062921524,0.8223356008529663,0.4508190453052521,0.33573177456855774,-0.12070634216070175,0.8218777179718018,0.4534062445163727,0.6042195558547974,-0.10848942399024963,0.7828060984611511,0.4526732265949249,0.33664047718048096,-0.1243460401892662,0.8281674981117249,0.45563286542892456,0.6010055541992188,-0.10496059060096741,0.7867769598960876,0.45210084319114685,0.3406921625137329,-0.10975304245948792,0.8005361557006836,0.45488157868385315,0.5964407920837402,-0.10036841779947281,0.7645349502563477,0.4268571436405182,0.455335408449173,0.004366704262793064,0.9945273399353027,0.42616361379623413,0.5012891888618469,-0.004448081832379103,0.9946421980857849,0.46254056692123413,0.4588700830936432,-0.0025400174781680107,0.7009459137916565,0.4648205637931824,0.5488664507865906,0.0006509055965580046,0.8031341433525085,0.4813607931137085,0.4648543894290924,0.04136830195784569,0.7402425408363342,0.493161678314209,0.5821724534034729,0.026243366301059723,0.7901444435119629,0.4827691912651062,0.47132444381713867,0.044857606291770935,0.7181198000907898,0.4954104721546173,0.5836367011070251,0.028290892019867897,0.7246334552764893,0.49041077494621277,0.4547412395477295,-0.00031353000667877495,0.7717177271842957,0.5071592330932617,0.585399329662323,-0.014075257815420628,0.8103188872337341
jumping,0.43503278493881226,0.47889190912246704,-0.22770558297634125,0.9912986755371094,0.4317392408847809,0.472242146730423,-0.23262374103069305,0.9912533760070801,0.4319319725036621,0.46931183338165283,-0.23259302973747253,0.9932783842086792,0.4319794774055481,0.466878741979599,-0.23262737691402435,0.9930264353752136,0.4308554232120514,0.478572815656662,-0.23624619841575623,0.9928304553031921,0.43011102080345154,0.48103219270706177,-0.23624660074710846,0.9940094947814941,0.4294123649597168,0.4831163287162781,-0.23632602393627167,0.9936956763267517,0.4308464229106903,0.4600568115711212,-0.21524612605571747,0.9884530305862427,0.42656415700912476,0.4853549599647522,-0.23272402584552765,0.98712158203125,0.4354690909385681,0.4753006100654602,-0.21740689873695374,0.9849231839179993,0.43468886613845825,0.4822799563407898,-0.2228686809539795,0.9838438034057617,0.4342360198497772,0.43798795342445374,-0.17297205328941345,0.9911310076713562,0.4248332679271698,0.5027092099189758,-0.17992565035820007,0.9910697340965271,0.44331735372543335,0.38113588094711304,-0.18652032315731049,0.8927616477012634,0.43891891837120056,0.5576773881912231,-0.21114131808280945,0.8917417526245117,0.46214309334754944,0.34418168663978577,-0.21162714064121246,0.8751407861709595,0.4511885941028595,0.5972064733505249,-0.23009668290615082,0.8397740125656128,0.46272552013397217,0.33495965600013733,-0.21873483061790466,0.8378326892852783,0.45497384667396545,0.5955913662910461,-0.24217870831489563,0.8029804229736328,0.4646601974964142,0.3366471827030182,-0.218812495470047,0.843177318572998,0.4596174359321594,0.597318708896637,-0.2347934991121292,0.8063110709190369,0.4642937481403351,0.340961754322052,-0.21059411764144897,0.8161648511886597,0.4592738449573517,0.5927489399909973,-0.22722530364990234,0.7838036417961121,0.433374285697937,0.45607611536979675,0.009810537099838257,0.9912780523300171,0.4259292483329773,0.4876829981803894,-0.009975832886993885,0.994213879108429,0.45385196805000305,0.48838067054748535,0.001286309794522822,0.699035108089447,0.452514111995697,0.5186959505081177,-0.02529233507812023,0.8135919570922852,0.45829084515571594,0.5350788235664368,0.055706318467855453,0.7483939528465271,0.4890563189983368,0.576575517654419,-0.013765624724328518,0.7948606014251709,0.457755982875824,0.5472366213798523,0.059744544327259064,0.7298389077186584,0.4807113707065582,0.5828730463981628,-0.014247163198888302,0.7334476709365845,0.4645618796348572,0.5405301451683044,0.028312141075730324,0.789064884185791,0.5008274912834167,0.5882496237754822,-0.05151703208684921,0.8248912692070007
jumping,0.44519227743148804,0.47512155771255493,-0.2722911536693573,0.9921606779098511,0.4437297582626343,0.47173967957496643,-0.27460262179374695,0.9921222925186157,0.4430610239505768,0.4688648581504822,-0.2745826542377472,0.9939453601837158,0.4427887797355652,0.4661164879798889,-0.2746485471725464,0.9937191009521484,0.4427221715450287,0.47856658697128296,-0.27662280201911926,0.9935415983200073,0.4422035813331604,0.4807833731174469,-0.27665576338768005,0.9946016073226929,0.4418221116065979,0.4824249744415283,-0.2766827940940857,0.994318962097168,0.4402769207954407,0.45992574095726013,-0.24206016957759857,0.9895966649055481,0.4361073076725006,0.48392000794410706,-0.2522982656955719,0.9883931875228882,0.44417649507522583,0.4731239676475525,-0.2565811574459076,0.9864125847816467,0.44384291768074036,0.47940266132354736,-0.25971513986587524,0.9854397773742676,0.43550726771354675,0.4344888925552368,-0.18810255825519562,0.991801381111145,0.43129056692123413,0.5096850991249084,-0.1912722885608673,0.9917085766792297,0.4415355324745178,0.3832504153251648,-0.1958397924900055,0.9031575322151184,0.44943132996559143,0.5574380159378052,-0.21181300282478333,0.9003589153289795,0.4634343385696411,0.3486018180847168,-0.2408115267753601,0.8872888684272766,0.47338783740997314,0.5798844695091248,-0.2455001175403595,0.850450873374939,0.46760913729667664,0.3380691111087799,-0.2573528587818146,0.8522372841835022,0.48036104440689087,0.582522451877594,-0.26475152373313904,0.8059157729148865,0.46939510107040405,0.3403204083442688,-0.26335540413856506,0.8569325804710388,0.48157942295074463,0.576207160949707,-0.2640867531299591,0.8082202672958374,0.46812137961387634,0.34431159496307373,-0.24363800883293152,0.8300593495368958,0.48152655363082886,0.5751067996025085,-0.24681471288204193,0.7771389484405518,0.4294736981391907,0.4554968774318695,0.010474175214767456,0.9919025301933289,0.42388567328453064,0.49171850085258484,-0.010627220384776592,0.9946742653846741,0.439117968082428,0.4806504547595978,0.05866003409028053,0.6759634017944336,0.44455069303512573,0.5243314504623413,0.018702734261751175,0.813399612903595,0.4498380422592163,0.5091333985328674,0.16280265152454376,0.754086434841156,0.4643411934375763,0.5774419903755188,0.08122099190950394,0.8038290143013,0.45205262303352356,0.5164210200309753,0.17195269465446472,0.7338219285011292,0.4611077308654785,0.5841304063796997,0.08637496829032898,0.7411037087440491,0.46156612038612366,0.5084637403488159,0.1418355256319046,0.793157160282135,0.47440093755722046,0.5818356275558472,0.050342198461294174,0.8282523155212402
jumping,0.44853368401527405,0.47318407893180847,-0.22414350509643555,0.9929342269897461,0.4464063346385956,0.4702053368091583,-0.21537674963474274,0.9929023385047913,0.44580695033073425,0.46799448132514954,-0.2153502255678177,0.994544267654419,0.44529470801353455,0.4657265245914459,-0.2154451161623001,0.9943405389785767,0.44649800658226013,0.4763507544994354,-0.2183276265859604,0.9941799640655518,0.44620704650878906,0.47787633538246155,-0.21837575733661652,0.9951328635215759,0.4458032250404358,0.48043471574783325,-0.21835926175117493,0.9948775768280029,0.4422088861465454,0.45968151092529297,-0.18054957687854767,0.990624189376831,0.4398370683193207,0.4788911044597626,-0.19127421081066132,0.9895323514938354,0.4474829137325287,0.4706326127052307,-0.20181170105934143,0.9877398014068604,0.44636327028274536,0.47682568430900574,-0.20635905861854553,0.9868680834770203,0.43614596128463745,0.43437352776527405,-0.13434074819087982,0.9919994473457336,0.43356606364250183,0.5052719116210938,-0.13878019154071808,0.9916044473648071,0.44182077050209045,0.3856111168861389,-0.1280404031276703,0.9125184416770935,0.44765251874923706,0.5322591662406921,-0.14646345376968384,0.9043869972229004,0.4635031819343567,0.35295531153678894,-0.17163275182247162,0.8979709148406982,0.46947261691093445,0.553396463394165,-0.18317435681819916,0.8571522831916809,0.46846136450767517,0.34436824917793274,-0.1902949959039688,0.8651545643806458,0.47338995337486267,0.5620413422584534,-0.201059952378273,0.8087444305419922,0.4698208272457123,0.34795117378234863,-0.24969013035297394,0.8693979382514954,0.4749963879585266,0.5535524487495422,-0.19764719903469086,0.8095104694366455,0.4679573178291321,0.3520919382572174,-0.18479125201702118,0.8431527614593506,0.47458213567733765,0.5489158034324646,-0.18445274233818054,0.7665107250213623,0.42231887578964233,0.45523735880851746,0.010958717204630375,0.9922646880149841,0.4209960401058197,0.4895479083061218,-0.011099783703684807,0.9949161410331726,0.43539533019065857,0.48602962493896484,0.05153384059667587,0.690612256526947,0.44495055079460144,0.5274490118026733,0.013129631988704205,0.8255003690719604,0.4422025680541992,0.5056812167167664,0.13811057806015015,0.7697127461433411,0.4653906524181366,0.5756425857543945,0.05454770848155022,0.8186526894569397,0.4447796046733856,0.5110723972320557,0.14592204988002777,0.7470669150352478,0.46705424785614014,0.5825203657150269,0.057711418718099594,0.7558295726776123,0.446963369846344,0.5057406425476074,0.1223057433962822,0.8046593070030212,0.47583457827568054,0.5802356600761414,0.027631722390651703,0.8391398191452026
jumping,0.45211559534072876,0.4718611240386963,-0.2030332088470459,0.9936150312423706,0.45041245222091675,0.4676114022731781,-0.205453023314476,0.9935806393623352,0.45021677017211914,0.46594855189323425,-0.2054305374622345,0.9950621724128723,0.4499761164188385,0.4643717408180237,-0.2054855227470398,0.9948816299438477,0.45011499524116516,0.47312602400779724,-0.20825554430484772,0.9947331547737122,0.44963157176971436,0.47501182556152344,-0.20829235017299652,0.9955899715423584,0.4491279423236847,0.47726842761039734,-0.20827987790107727,0.995354175567627,0.44530126452445984,0.45937103033065796,-0.1830616444349289,0.9915132522583008,0.4436478316783905,0.47987496852874756,-0.2005963772535324,0.9904600977897644,0.4491158425807953,0.4684775471687317,-0.19428236782550812,0.9888684749603271,0.44958460330963135,0.4766358435153961,-0.19889312982559204,0.988049328327179,0.4391418993473053,0.440780907869339,-0.16237348318099976,0.9922600984573364,0.43518298864364624,0.505894660949707,-0.16096550226211548,0.9920907616615295,0.44044429063796997,0.39509332180023193,-0.15861457586288452,0.9199448227882385,0.4454389214515686,0.5391939878463745,-0.18203948438167572,0.9129596948623657,0.45823219418525696,0.366449773311615,-0.17410486936569214,0.9069129228591919,0.465871125459671,0.5650040507316589,-0.20549780130386353,0.8690606355667114,0.46232929825782776,0.3577639162540436,-0.1854119449853897,0.8755621314048767,0.46733492612838745,0.5728882551193237,-0.21955211460590363,0.821309506893158,0.46409958600997925,0.3600121736526489,-0.19313862919807434,0.8792560696601868,0.4686572849750519,0.5672413110733032,-0.2202216237783432,0.8220142126083374,0.4624718427658081,0.363548219203949,-0.1759611815214157,0.8523098230361938,0.4690552353858948,0.5631577372550964,-0.20702414214611053,0.7779531478881836,0.4220390319824219,0.4675513803958893,0.00464086327701807,0.9910032153129578,0.4193612337112427,0.49363386631011963,-0.004786278121173382,0.9933706521987915,0.4446796178817749,0.5062223076820374,-0.016930164769291878,0.6611376404762268,0.44296330213546753,0.5267509818077087,0.028245221823453903,0.8087033033370972,0.4603939950466156,0.5659778118133545,0.033234354108572006,0.7622078061103821,0.4613472819328308,0.5625483989715576,0.07171045243740082,0.802472710609436,0.46273788809776306,0.5790443420410156,0.03793272748589516,0.7491527199745178,0.4643189013004303,0.5667082071304321,0.07468416541814804,0.746644914150238,0.46391576528549194,0.5683647990226746,0.008694990538060665,0.7997271418571472,0.47326982021331787,0.5639336705207825,0.04868870601058006,0.8239612579345703
jumping,0.45272397994995117,0.47007855772972107,-0.1841394603252411,0.9942345023155212,0.45082706212997437,0.4660492241382599,-0.18753282725811005,0.9942008852958679,0.45043420791625977,0.4643958508968353,-0.1875195950269699,0.9955362677574158,0.45003992319107056,0.4629615247249603,-0.1875605285167694,0.9953758120536804,0.4511588513851166,0.472171425819397,-0.19030480086803436,0.9952412843704224,0.45087847113609314,0.4749320149421692,-0.1903342604637146,0.9960105419158936,0.450765997171402,0.4774739146232605,-0.19034141302108765,0.9957957863807678,0.4476732611656189,0.4599619209766388,-0.1739414781332016,0.9923282861709595,0.4456481337547302,0.48039188981056213,-0.18751072883605957,0.9913581013679504,0.45072853565216064,0.4669966995716095,-0.1765630543231964,0.9899349212646484,0.45119571685791016,0.47664710879325867,-0.18063314259052277,0.9891931414604187,0.4395565688610077,0.43909385800361633,-0.14554332196712494,0.9927518963813782,0.4368699789047241,0.5052911043167114,-0.15858584642410278,0.9925733804702759,0.4410828649997711,0.39530837535858154,-0.14890269935131073,0.9275981187820435,0.44471850991249084,0.5385376214981079,-0.17765966057777405,0.9192120432853699,0.4575708508491516,0.3684024512767792,-0.1680920571088791,0.91568523645401,0.46223294734954834,0.5637893080711365,-0.20180551707744598,0.8771376013755798,0.46211540699005127,0.3594071567058563,-0.1779128611087799,0.8861916065216064,0.46421441435813904,0.5718368291854858,-0.2165834605693817,0.8261603713035583,0.46356427669525146,0.3618098795413971,-0.18313169479370117,0.8892799615859985,0.46594831347465515,0.5658225417137146,-0.21533168852329254,0.8262420892715454,0.46173468232154846,0.3654285967350006,-0.16965435445308685,0.8625049591064453,0.46626174449920654,0.5616528391838074,-0.20265625417232513,0.7775583863258362,0.4224484860897064,0.4660387933254242,0.010458914563059807,0.9909636378288269,0.4196121394634247,0.4935848116874695,-0.010604249313473701,0.9926899075508118,0.44667378067970276,0.5032813549041748,-0.009867649525403976,0.6492437124252319,0.4480849504470825,0.5289477109909058,-0.006346153095364571,0.8163931369781494,0.4544770121574402,0.5460944771766663,0.03743802011013031,0.7638604044914246,0.470175564289093,0.5651032328605652,0.019898395985364914,0.8138927817344666,0.45549115538597107,0.5570726990699768,0.04142675921320915,0.7538765072822571,0.47307607531547546,0.5694870948791504,0.02103193663060665,0.7601220011711121,0.45845261216163635,0.5454267263412476,0.016261214390397072,0.802314043045044,0.4768267571926117,0.5727555751800537,-0.00817786529660225,0.8334024548530579
jumping,0.45127072930336,0.4706932008266449,-0.19686168432235718,0.9945812821388245,0.44937899708747864,0.4667890965938568,-0.19411982595920563,0.9945967197418213,0.4489023983478546,0.4657237231731415,-0.19418402016162872,0.9957651495933533,0.448529988527298,0.46471792459487915,-0.19421915709972382,0.995664119720459,0.44910022616386414,0.472343385219574,-0.1966211497783661,0.9955977201461792,0.4487575590610504,0.47432103753089905,-0.1966792494058609,0.9962257146835327,0.44850102066993713,0.47603318095207214,-0.1967320293188095,0.9960497617721558,0.4461595416069031,0.46208491921424866,-0.18042859435081482,0.9926537871360779,0.44323432445526123,0.47848251461982727,-0.19069643318653107,0.9918431639671326,0.4490892291069031,0.4705347716808319,-0.18046464025974274,0.990468442440033,0.449398934841156,0.47665145993232727,-0.18483462929725647,0.9898509383201599,0.4412689805030823,0.4495818316936493,-0.14466740190982819,0.993097186088562,0.43669411540031433,0.4993596374988556,-0.14603537321090698,0.9932543039321899,0.44074133038520813,0.4038197696208954,-0.14965428411960602,0.9336938858032227,0.4439992606639862,0.5218278169631958,-0.16366343200206757,0.9209067225456238,0.4493716061115265,0.37796857953071594,-0.16359980404376984,0.9229594469070435,0.45106416940689087,0.5437549948692322,-0.19822078943252563,0.884636640548706,0.45235931873321533,0.3688490390777588,-0.1716584712266922,0.8933433294296265,0.4513868987560272,0.549628734588623,-0.20201151072978973,0.8301172852516174,0.4547843933105469,0.37046656012535095,-0.17657731473445892,0.8955327868461609,0.45408982038497925,0.5447397828102112,-0.20136676728725433,0.8293731212615967,0.45326128602027893,0.3743862509727478,-0.16402538120746613,0.867057204246521,0.454850971698761,0.542061984539032,-0.19780240952968597,0.7785078883171082,0.42913123965263367,0.47454002499580383,0.011599794030189514,0.9917663335800171,0.4221399426460266,0.4942380487918854,-0.011735944077372551,0.9933614134788513,0.4539738893508911,0.5130449533462524,-0.0028383522294461727,0.6149131059646606,0.4473728835582733,0.5287001729011536,-0.026783468201756477,0.8071253299713135,0.4593821167945862,0.5745583176612854,0.028551967814564705,0.7428596019744873,0.4647137224674225,0.5646605491638184,0.015623915009200573,0.7888420224189758,0.4593994915485382,0.5874284505844116,0.03145774081349373,0.7435755729675293,0.46683260798454285,0.5712994337081909,0.019382769241929054,0.7403364181518555,0.4646470248699188,0.583402156829834,0.014885885640978813,0.7850872278213501,0.47180378437042236,0.5680910348892212,0.0011478184023872018,0.8136217594146729
jumping,0.4532124698162079,0.48266297578811646,0.047980569303035736,0.994972288608551,0.4539240598678589,0.4787279963493347,0.03165045008063316,0.9950352907180786,0.45397326350212097,0.4765920639038086,0.03164854273200035,0.9960504770278931,0.4552878141403198,0.47421902418136597,0.03163852170109749,0.9959681630134583,0.4532192051410675,0.486407071352005,0.029513299465179443,0.9959380030632019,0.45277342200279236,0.48856064677238464,0.029447179287672043,0.9964714050292969,0.452448308467865,0.492088258266449,0.02934524603188038,0.9963396191596985,0.4535425007343292,0.47075435519218445,-0.02415856160223484,0.9931777119636536,0.4514394700527191,0.49639761447906494,-0.03470997139811516,0.9923737645149231,0.44981658458709717,0.4780387580394745,0.030890796333551407,0.9912094473838806,0.44866591691970825,0.48669856786727905,0.027410896494984627,0.9906507730484009,0.43167832493782043,0.430293470621109,-0.02138517238199711,0.9937018752098083,0.42603033781051636,0.5200588703155518,-0.06391590088605881,0.9938820004463196,0.4333667755126953,0.37762925028800964,0.07355059683322906,0.9292571544647217,0.41873177886009216,0.5474041700363159,-0.02102813497185707,0.9177082777023315,0.43376848101615906,0.36128172278404236,0.19796384871006012,0.9094436764717102,0.43829551339149475,0.5805808901786804,0.07508762180805206,0.856697142124176,0.434954971075058,0.35306113958358765,0.21675030887126923,0.8707273006439209,0.4408893883228302,0.5901286005973816,0.07993858307600021,0.7953767776489258,0.43755170702934265,0.35544243454933167,0.21001087129116058,0.8719764351844788,0.44441306591033936,0.5841445922851562,0.07899488508701324,0.7954079508781433,0.43672752380371094,0.3604157269001007,0.19945873320102692,0.8381962776184082,0.4442518353462219,0.5795743465423584,0.07697535306215286,0.746321976184845,0.3505600392818451,0.4427466094493866,0.024396291002631187,0.9924753904342651,0.3482557237148285,0.4899151921272278,-0.024606073275208473,0.9939756989479065,0.3805108964443207,0.48699820041656494,0.1504552811384201,0.5605045557022095,0.3922809958457947,0.5519049167633057,-0.025422092527151108,0.7638339996337891,0.3952316343784332,0.5332977175712585,0.28678274154663086,0.6923499703407288,0.42015135288238525,0.5996913909912109,0.028143882751464844,0.758201003074646,0.39518633484840393,0.5441802740097046,0.29985180497169495,0.6960875391960144,0.4215504825115204,0.6080594062805176,0.03378554433584213,0.7154146432876587,0.40574443340301514,0.5326330661773682,0.27625200152397156,0.7330400347709656,0.4432389438152313,0.6054407954216003,-0.006040847394615412,0.7837644219398499
jumping,0.45526760816574097,0.48794543743133545,-0.16408862173557281,0.9952806830406189,0.4570218324661255,0.48504066467285156,-0.17732398211956024,0.9953282475471497,0.45715171098709106,0.48279476165771484,-0.1772492378950119,0.9962721467018127,0.4547767639160156,0.4734855890274048,-0.177246555685997,0.9962252974510193,0.4561809003353119,0.4910229742527008,-0.17829276621341705,0.9961593747138977,0.4539596736431122,0.4946941137313843,-0.1782725304365158,0.9966116547584534,0.4537157416343689,0.4969012141227722,-0.17825886607170105,0.9964762330055237,0.45246124267578125,0.4680648744106293,-0.19591893255710602,0.9936444759368896,0.4516337811946869,0.49942317605018616,-0.1997677981853485,0.9924240112304688,0.45245346426963806,0.4841177463531494,-0.1657402068376541,0.9915642738342285,0.4515824615955353,0.48996275663375854,-0.1671624779701233,0.9907472133636475,0.44159844517707825,0.44273677468299866,-0.1562613695859909,0.9931710958480835,0.44099166989326477,0.5107483863830566,-0.15536904335021973,0.9914344549179077,0.43848294019699097,0.3963480591773987,-0.10484259575605392,0.9322180151939392,0.44470369815826416,0.5531201362609863,-0.1328214854001999,0.9197036623954773,0.4506334662437439,0.36059924960136414,-0.059407059103250504,0.9109377861022949,0.4618956744670868,0.5925832986831665,-0.10603605955839157,0.8573867082595825,0.4525931179523468,0.3475096523761749,-0.06249856948852539,0.8736338019371033,0.4643831253051758,0.6040195822715759,-0.11215732246637344,0.801586925983429,0.45491406321525574,0.34870445728302,-0.0646914392709732,0.874329149723053,0.4664534032344818,0.6028928756713867,-0.11482245475053787,0.8017212748527527,0.45394808053970337,0.352616548538208,-0.05836813524365425,0.842203676700592,0.46559181809425354,0.5985828638076782,-0.1063520759344101,0.7555900812149048,0.42992010712623596,0.4576290249824524,0.0025756319519132376,0.9928442239761353,0.4293554425239563,0.5023975372314453,-0.0026321252807974815,0.994056224822998,0.45926153659820557,0.4370420575141907,0.04838589206337929,0.5551730394363403,0.462749183177948,0.5248432755470276,0.06455964595079422,0.747646689414978,0.48483291268348694,0.4178715944290161,0.12692436575889587,0.7150047421455383,0.4942013621330261,0.5653451085090637,0.12940974533557892,0.7694079279899597,0.487914502620697,0.4184272289276123,0.13510562479496002,0.714060366153717,0.49768728017807007,0.5693415403366089,0.13592949509620667,0.7274751663208008,0.4941710829734802,0.4075529873371124,0.08869286626577377,0.7515329122543335,0.505519449710846,0.5782991647720337,0.09800541400909424,0.7901458740234375
jumping,0.4626605808734894,0.4802851974964142,-0.2028743177652359,0.9956534504890442,0.45915931463241577,0.4780662953853607,-0.20669718086719513,0.9957298636436462,0.4589186906814575,0.47469499707221985,-0.20666131377220154,0.9965804219245911,0.45826536417007446,0.469671368598938,-0.20669512450695038,0.9965581893920898,0.4586639106273651,0.488120973110199,-0.20760683715343475,0.9965054392814636,0.45803263783454895,0.49126338958740234,-0.20765691995620728,0.9969087243080139,0.4577037990093231,0.49369844794273376,-0.2076788991689682,0.9967941045761108,0.454682856798172,0.4658755362033844,-0.19447354972362518,0.9941373467445374,0.4547431170940399,0.498531311750412,-0.19877226650714874,0.9930278062820435,0.45960626006126404,0.47552067041397095,-0.19406326115131378,0.9921850562095642,0.4603932201862335,0.48393917083740234,-0.19547095894813538,0.9914482235908508,0.443333238363266,0.44301044940948486,-0.15286700427532196,0.9921444654464722,0.44583332538604736,0.512892484664917,-0.15315483510494232,0.9918212890625,0.43861645460128784,0.3987165689468384,-0.13077975809574127,0.9363584518432617,0.4488265812397003,0.5614431500434875,-0.14317922294139862,0.9268253445625305,0.4514418840408325,0.3590231239795685,-0.12406507879495621,0.9062213897705078,0.46492910385131836,0.5968835353851318,-0.14608410000801086,0.8650359511375427,0.45298099517822266,0.34650036692619324,-0.13257291913032532,0.862591028213501,0.4654952585697174,0.608403205871582,-0.1579882651567459,0.8113812804222107,0.45584267377853394,0.34835654497146606,-0.13331148028373718,0.8628382682800293,0.4674445688724518,0.6047136783599854,-0.1582571566104889,0.8116132616996765,0.4551681578159332,0.3520517647266388,-0.12333054840564728,0.8244871497154236,0.46719688177108765,0.5997884273529053,-0.14611442387104034,0.7650014162063599,0.42714741826057434,0.4611648917198181,0.004401673097163439,0.9930784702301025,0.42866235971450806,0.5027941465377808,-0.004494240507483482,0.994272768497467,0.44080880284309387,0.41250544786453247,0.03272273391485214,0.5550475120544434,0.44957903027534485,0.5401945114135742,0.0348772332072258,0.7317699193954468,0.44912782311439514,0.3566082715988159,0.09567467868328094,0.7245180606842041,0.46543458104133606,0.582695484161377,0.09005053341388702,0.7641264796257019,0.45048126578330994,0.34874334931373596,0.10280033946037292,0.7102459073066711,0.46618780493736267,0.586056649684906,0.09651172161102295,0.7029911279678345,0.45728257298469543,0.3408001959323883,0.0725947916507721,0.750155508518219,0.47319090366363525,0.6018112301826477,0.07371438294649124,0.7713822722434998
jumping,0.4640588164329529,0.4773097336292267,-0.19560562074184418,0.9960839152336121,0.46093904972076416,0.4741698205471039,-0.201503723859787,0.9961525797843933,0.4605334401130676,0.47135022282600403,-0.20145605504512787,0.9969185590744019,0.4601607620716095,0.46829190850257874,-0.20146775245666504,0.9968991875648499,0.4605245292186737,0.4825798273086548,-0.20389820635318756,0.9968512654304504,0.45969483256340027,0.4850770831108093,-0.20392411947250366,0.9972137808799744,0.45896032452583313,0.48745810985565186,-0.20391012728214264,0.9971108436584473,0.45586150884628296,0.46375125646591187,-0.19316300749778748,0.9947174191474915,0.45462265610694885,0.488880455493927,-0.20351670682430267,0.9937149286270142,0.4633195996284485,0.47216087579727173,-0.18922066688537598,0.992952287197113,0.4625115394592285,0.48201292753219604,-0.19292022287845612,0.9922881126403809,0.44711241126060486,0.4387796223163605,-0.15742823481559753,0.9926244616508484,0.4450221061706543,0.5115920901298523,-0.16918416321277618,0.9924685955047607,0.4479675889015198,0.3900180160999298,-0.14063262939453125,0.9424262642860413,0.4501040279865265,0.5572682619094849,-0.1823132336139679,0.9339381456375122,0.4658796191215515,0.3551822006702423,-0.13752998411655426,0.9147579669952393,0.4664841592311859,0.5923089981079102,-0.19137580692768097,0.8767200112342834,0.46725040674209595,0.34503310918807983,-0.14650103449821472,0.8736518025398254,0.4669555723667145,0.5994698405265808,-0.20618756115436554,0.8248412013053894,0.4694935083389282,0.3466285467147827,-0.1514303833246231,0.8737844824790955,0.47026607394218445,0.5996376276016235,-0.20531225204467773,0.8252662420272827,0.4694117307662964,0.3505648970603943,-0.1386575698852539,0.8371643424034119,0.4702458083629608,0.5961915254592896,-0.19186273217201233,0.7801305651664734,0.4241313636302948,0.4608466923236847,0.009127183817327023,0.9915628433227539,0.4223383069038391,0.49409517645835876,-0.00920976884663105,0.9934574961662292,0.44445517659187317,0.47105833888053894,0.025028372183442116,0.5423883199691772,0.437644362449646,0.5325572490692139,0.0313386507332325,0.7483438849449158,0.4635597765445709,0.4987798035144806,0.08807147294282913,0.7216722965240479,0.4602053761482239,0.5789563655853271,0.08086438477039337,0.7782330513000488,0.4660504460334778,0.5050984025001526,0.09449783712625504,0.7079994678497314,0.4631904661655426,0.5844950079917908,0.08543014526367188,0.7141730189323425,0.4710865020751953,0.49871036410331726,0.06502116471529007,0.7572117447853088,0.46905776858329773,0.5949282646179199,0.055682387202978134,0.7850562334060669
jumping,0.4670150876045227,0.4748690128326416,-0.22440044581890106,0.9964717626571655,0.4627591073513031,0.4661584794521332,-0.22725649178028107,0.9965348839759827,0.46239978075027466,0.46384742856025696,-0.22722622752189636,0.9972236156463623,0.4622468948364258,0.46191349625587463,-0.22725708782672882,0.9972069263458252,0.46399369835853577,0.4770682454109192,-0.22971700131893158,0.9971645474433899,0.4638470709323883,0.47919198870658875,-0.22976154088974,0.9974905252456665,0.46359941363334656,0.4814325273036957,-0.22978049516677856,0.9973984360694885,0.45874783396720886,0.4606172740459442,-0.2002326399087906,0.9952364563941956,0.4588373899459839,0.48511844873428345,-0.21379783749580383,0.9943403005599976,0.4659128189086914,0.4723374843597412,-0.2113294154405594,0.9936493635177612,0.4661269187927246,0.48023924231529236,-0.21524380147457123,0.9930545687675476,0.4526548981666565,0.4391140341758728,-0.15783220529556274,0.9932801127433777,0.45673325657844543,0.5157181620597839,-0.1710333526134491,0.9932110905647278,0.45089176297187805,0.3923914432525635,-0.16141022741794586,0.947849690914154,0.4773005545139313,0.5570468306541443,-0.1888166218996048,0.9403648376464844,0.4692617952823639,0.35666877031326294,-0.19195027649402618,0.9222152829170227,0.4926401674747467,0.5839492082595825,-0.2115858942270279,0.8873932361602783,0.47226443886756897,0.3459029197692871,-0.20517374575138092,0.8808825016021729,0.4978567659854889,0.5882245302200317,-0.23095004260540009,0.8360146284103394,0.473684698343277,0.3483949303627014,-0.21145720779895782,0.8806713223457336,0.4987134635448456,0.5836080312728882,-0.2281966209411621,0.836025059223175,0.4725550711154938,0.35333970189094543,-0.19444699585437775,0.8416618704795837,0.496844619512558,0.587020754814148,-0.2114761918783188,0.789819061756134,0.42525094747543335,0.462544322013855,0.011001051403582096,0.9921627044677734,0.4286850094795227,0.500536322593689,-0.011130917817354202,0.9940587878227234,0.44305697083473206,0.43326249718666077,0.07466208189725876,0.5157789587974548,0.4416760504245758,0.534538209438324,0.025170575827360153,0.7551288604736328,0.45397722721099854,0.4712584614753723,0.17888373136520386,0.677861213684082,0.46405866742134094,0.5771493911743164,0.08422981947660446,0.7698663473129272,0.45579585433006287,0.481077641248703,0.18954554200172424,0.6647957563400269,0.46535810828208923,0.5836670994758606,0.08996010571718216,0.6913344860076904,0.45764973759651184,0.46322932839393616,0.17513158917427063,0.7324479818344116,0.47512900829315186,0.5848072171211243,0.06532756984233856,0.7773694396018982
jumping,0.4650345742702484,0.47626879811286926,-0.25708088278770447,0.9967997670173645,0.46220681071281433,0.46968820691108704,-0.25988519191741943,0.9968605637550354,0.4618787169456482,0.46427175402641296,-0.2598649561405182,0.9974783062934875,0.46152010560035706,0.4623226821422577,-0.2599009573459625,0.9974700212478638,0.4627818763256073,0.47794651985168457,-0.2617412209510803,0.9974347949028015,0.4622558653354645,0.4798881709575653,-0.2617728114128113,0.9977251887321472,0.46196630597114563,0.48187023401260376,-0.261806458234787,0.9976465702056885,0.4583178162574768,0.4610269367694855,-0.2309918850660324,0.9956585168838501,0.4576965570449829,0.48449403047561646,-0.24169868230819702,0.9948773980140686,0.46359366178512573,0.47354656457901,-0.24304106831550598,0.9942346811294556,0.4635496437549591,0.4807083010673523,-0.24623437225818634,0.9937120676040649,0.4532302916049957,0.44205257296562195,-0.18330836296081543,0.9937106966972351,0.45295774936676025,0.5106755495071411,-0.1840893179178238,0.9938341379165649,0.4534837305545807,0.39433935284614563,-0.19182249903678894,0.9527987837791443,0.46669113636016846,0.543278157711029,-0.20227254927158356,0.9438851475715637,0.47039374709129333,0.36341190338134766,-0.222249373793602,0.9281558394432068,0.4809141159057617,0.5688542127609253,-0.23842652142047882,0.882544219493866,0.4745374321937561,0.3499131500720978,-0.2364036589860916,0.8805509209632874,0.4885377287864685,0.5768269300460815,-0.256715327501297,0.812353789806366,0.47578534483909607,0.353797048330307,-0.2398248165845871,0.8789432048797607,0.4929153025150299,0.570648729801178,-0.25590458512306213,0.8105505704879761,0.47432413697242737,0.35858944058418274,-0.22363890707492828,0.8332660794258118,0.48586568236351013,0.5668990612030029,-0.23927481472492218,0.7541242837905884,0.4372108280658722,0.463030070066452,0.010597900487482548,0.9926329255104065,0.4363580644130707,0.4982462525367737,-0.010740045458078384,0.9946114420890808,0.4499111473560333,0.45166611671447754,0.08580829948186874,0.4695475697517395,0.4441048204898834,0.5338765978813171,0.025631098076701164,0.7361041307449341,0.46058276295661926,0.48852336406707764,0.20484419167041779,0.6245469450950623,0.464711457490921,0.5743424296379089,0.08852934837341309,0.7485472559928894,0.46148398518562317,0.49938851594924927,0.21626120805740356,0.616897702217102,0.46343332529067993,0.5797722935676575,0.09362459182739258,0.666362464427948,0.46620312333106995,0.48547104001045227,0.19271324574947357,0.7023853063583374,0.4721117615699768,0.5793933272361755,0.05992027744650841,0.7740207314491272
jumping,0.46484869718551636,0.4766688644886017,-0.22959065437316895,0.9970926642417908,0.4629935324192047,0.47129422426223755,-0.2317744940519333,0.9971583485603333,0.4628458023071289,0.4643743634223938,-0.2317471206188202,0.9977107644081116,0.46276047825813293,0.4668104946613312,-0.23176723718643188,0.9977101683616638,0.46309879422187805,0.4779570400714874,-0.23355692625045776,0.9976838231086731,0.46284177899360657,0.47960373759269714,-0.23360538482666016,0.9979450106620789,0.4626385271549225,0.4812637269496918,-0.23362168669700623,0.9978771209716797,0.45927852392196655,0.46380719542503357,-0.2265457808971405,0.9960553646087646,0.4586334526538849,0.48378878831863403,-0.23205208778381348,0.9953731298446655,0.4632546603679657,0.4742412865161896,-0.21819297969341278,0.9947611093521118,0.46322867274284363,0.4805159866809845,-0.22088101506233215,0.994316816329956,0.45536935329437256,0.4491209089756012,-0.17845456302165985,0.9936683773994446,0.4524155855178833,0.5016154050827026,-0.16854816675186157,0.9943450689315796,0.453665167093277,0.4167599380016327,-0.16056965291500092,0.9565706849098206,0.4622996151447296,0.5276059508323669,-0.18026714026927948,0.9482870101928711,0.46651744842529297,0.38835662603378296,-0.17050692439079285,0.9318767189979553,0.4644148051738739,0.5622838735580444,-0.19528017938137054,0.889145016670227,0.47109687328338623,0.3762628734111786,-0.1819913685321808,0.8845637440681458,0.4661809504032135,0.5683087110519409,-0.2105303853750229,0.8202261924743652,0.474164754152298,0.3796096444129944,-0.18439513444900513,0.8824015259742737,0.46707141399383545,0.5625743865966797,-0.21273255348205566,0.8182976245880127,0.4711441099643707,0.38594749569892883,-0.1714276373386383,0.83487468957901,0.46710115671157837,0.5578873157501221,-0.19713863730430603,0.7604573369026184,0.43452537059783936,0.46280428767204285,0.00802036002278328,0.9932320713996887,0.4351682662963867,0.49290138483047485,-0.00814138725399971,0.9951025247573853,0.44930997490882874,0.4242537021636963,-0.0014822941739112139,0.5103814005851746,0.44819504022598267,0.537186861038208,-0.020922042429447174,0.7590546011924744,0.46089765429496765,0.3758185803890228,0.0351828932762146,0.6572697162628174,0.4687096178531647,0.58659827709198,-0.00454866886138916,0.7713881134986877,0.4645842909812927,0.3698815405368805,0.037983812391757965,0.6482391357421875,0.46872812509536743,0.5915271639823914,-0.0036850147880613804,0.6932680606842041,0.46779555082321167,0.36772340536117554,-0.0034123228397220373,0.7276666164398193,0.4778037667274475,0.6024589538574219,-0.04436572641134262,0.7945112586021423
jumping,0.4657061994075775,0.47823068499565125,-0.22254885733127594,0.9973781108856201,0.4631498157978058,0.4743044376373291,-0.2247786968946457,0.9974403381347656,0.46292415261268616,0.4711117148399353,-0.22475451231002808,0.9979368448257446,0.4627126455307007,0.4721065163612366,-0.2247808426618576,0.9979372620582581,0.4633093476295471,0.4791313409805298,-0.22655411064624786,0.9979143738746643,0.46313565969467163,0.47987788915634155,-0.22660084068775177,0.9981493353843689,0.4629621207714081,0.481563925743103,-0.2266160547733307,0.9980887174606323,0.45896536111831665,0.46773627400398254,-0.21110066771507263,0.9964442849159241,0.45895057916641235,0.4845297336578369,-0.22020579874515533,0.9958333373069763,0.4644469916820526,0.4762185513973236,-0.21188965439796448,0.9952764511108398,0.4639299809932709,0.48152533173561096,-0.2145892232656479,0.9948809742927551,0.45523160696029663,0.45238709449768066,-0.17365388572216034,0.9937065839767456,0.4545811414718628,0.5014903545379639,-0.1641242951154709,0.9948609471321106,0.4529471695423126,0.4191252291202545,-0.1544620394706726,0.9606587886810303,0.4638443887233734,0.5317319631576538,-0.175984188914299,0.9528506398200989,0.46523159742355347,0.3819461166858673,-0.15511254966259003,0.9370722770690918,0.46984994411468506,0.5671886205673218,-0.18746542930603027,0.8969106078147888,0.46841517090797424,0.3710496723651886,-0.1644480675458908,0.8924822807312012,0.46855202317237854,0.5758413672447205,-0.20207886397838593,0.8322136402130127,0.470891535282135,0.37314745783805847,-0.16686251759529114,0.8901416659355164,0.47197771072387695,0.5721426606178284,-0.20236076414585114,0.8301896452903748,0.4688315689563751,0.3800981044769287,-0.1553785502910614,0.8433724641799927,0.4729395806789398,0.5676290392875671,-0.188551664352417,0.7733756303787231,0.4341931939125061,0.4625055193901062,0.0061738560907542706,0.9938029646873474,0.43351155519485474,0.49106624722480774,-0.006331132724881172,0.995566189289093,0.4490775167942047,0.41420260071754456,-0.015185272321105003,0.5524564385414124,0.4470110833644867,0.5366835594177246,-0.03647240251302719,0.7818325161933899,0.461004376411438,0.372793972492218,0.00536033371463418,0.6887221932411194,0.46621760725975037,0.5849544405937195,-0.03057640790939331,0.7930451035499573,0.4677191376686096,0.36567649245262146,0.0072686513885855675,0.6775181293487549,0.46699148416519165,0.5896156430244446,-0.030189016833901405,0.7190216779708862,0.4696325659751892,0.35914650559425354,-0.030096275731921196,0.7517204284667969,0.47485238313674927,0.6007890105247498,-0.06684917956590652,0.813403844833374
jumping,0.46676358580589294,0.47713950276374817,-0.18939457833766937,0.9975377917289734,0.46462228894233704,0.47435760498046875,-0.19151650369167328,0.9976480603218079,0.4637598693370819,0.4694727957248688,-0.1914977729320526,0.9980806708335876,0.4636056125164032,0.46807771921157837,-0.19152399897575378,0.9980987310409546,0.4649409353733063,0.4792752265930176,-0.19118212163448334,0.9980979561805725,0.46493664383888245,0.48059484362602234,-0.19123749434947968,0.9983076453208923,0.4648808538913727,0.4823455214500427,-0.19125980138778687,0.9982657432556152,0.4605896770954132,0.4687268137931824,-0.17419315874576569,0.9966175556182861,0.4614940881729126,0.48565390706062317,-0.174099400639534,0.9961947798728943,0.46544188261032104,0.47551777958869934,-0.18059353530406952,0.9955164194107056,0.46573561429977417,0.4806843400001526,-0.1805914342403412,0.9952921867370605,0.45776158571243286,0.4521882236003876,-0.1387292742729187,0.9925525188446045,0.4562791585922241,0.5013597011566162,-0.13012251257896423,0.9952832460403442,0.45425429940223694,0.42672449350357056,-0.1296258121728897,0.9628674983978271,0.4625783860683441,0.5296257734298706,-0.12813153862953186,0.9543983936309814,0.46033790707588196,0.3913774788379669,-0.12766706943511963,0.9319347143173218,0.4698711931705475,0.5581585168838501,-0.1422349065542221,0.8866181373596191,0.4628302752971649,0.3825201392173767,-0.13424240052700043,0.8804055452346802,0.46935340762138367,0.5669286847114563,-0.1527949869632721,0.8207696080207825,0.46402817964553833,0.38610631227493286,-0.134286031126976,0.8768525719642639,0.4722295105457306,0.5624792575836182,-0.15421827137470245,0.8186401724815369,0.4625290036201477,0.3901865780353546,-0.1267954409122467,0.8209636807441711,0.4729107618331909,0.5582498908042908,-0.1433911770582199,0.7560891509056091,0.4356350004673004,0.46681085228919983,0.005183285102248192,0.9941442608833313,0.4348357319831848,0.4924163818359375,-0.005283265840262175,0.9959845542907715,0.44768789410591125,0.42479652166366577,0.007343791425228119,0.5354012846946716,0.446527898311615,0.5372796058654785,-0.048585958778858185,0.7907214760780334,0.4582987427711487,0.3890632390975952,0.04004145786166191,0.687570333480835,0.4587925970554352,0.5797942280769348,-0.05172888934612274,0.8006191253662109,0.4605506360530853,0.3867567479610443,0.04332101345062256,0.6676933169364929,0.45470014214515686,0.5900271534919739,-0.05221496522426605,0.720481812953949,0.4643302261829376,0.37706661224365234,0.013858704827725887,0.7414188385009766,0.4666716754436493,0.5955893993377686,-0.08585066348314285,0.8145091533660889
jumping,0.46809521317481995,0.48063942790031433,-0.1535140573978424,0.9977548122406006,0.46655601263046265,0.47843900322914124,-0.15830369293689728,0.9978654980659485,0.4662315547466278,0.4745390713214874,-0.1582951694726944,0.9982484579086304,0.4662111699581146,0.4732738435268402,-0.158307746052742,0.9982739090919495,0.4662778079509735,0.4834356904029846,-0.16048504412174225,0.9982798099517822,0.46600010991096497,0.48450154066085815,-0.16053929924964905,0.9984660148620605,0.465781569480896,0.48646506667137146,-0.16055947542190552,0.9984330534934998,0.46525779366493225,0.47422489523887634,-0.15312406420707703,0.9969072341918945,0.46387043595314026,0.48615676164627075,-0.1635943055152893,0.9965492486953735,0.4674217998981476,0.4780588150024414,-0.14866049587726593,0.9959086775779724,0.4669325053691864,0.48322170972824097,-0.1518489569425583,0.9957310557365417,0.46125391125679016,0.45427462458610535,-0.12385213375091553,0.9928335547447205,0.4571283161640167,0.49764755368232727,-0.1334114372730255,0.9956789016723633,0.45417702198028564,0.4293440580368042,-0.0942130908370018,0.9587970972061157,0.44992634654045105,0.5309622883796692,-0.1222509890794754,0.9569738507270813,0.4538988769054413,0.4015166163444519,-0.07625844329595566,0.9206482768058777,0.4539428949356079,0.5578886270523071,-0.11454636603593826,0.8894427418708801,0.4526495039463043,0.3922083377838135,-0.08261308073997498,0.8659340739250183,0.45243337750434875,0.5655878782272339,-0.1248578205704689,0.8265201449394226,0.4547182023525238,0.3934406340122223,-0.08507333695888519,0.8631212115287781,0.4547944664955139,0.5626837611198425,-0.1271599680185318,0.8248621225357056,0.4551450312137604,0.3989114761352539,-0.07646935433149338,0.8025782108306885,0.4557569622993469,0.5589830279350281,-0.11541582643985748,0.762006938457489,0.43618080019950867,0.4691590666770935,0.004931757226586342,0.994612455368042,0.43454161286354065,0.49163949489593506,-0.005000467877835035,0.9963381886482239,0.4470876455307007,0.4386390745639801,0.054629258811473846,0.5475894808769226,0.4456007182598114,0.5301946401596069,0.04444030299782753,0.7972220778465271,0.4532136619091034,0.3937273323535919,0.12183156609535217,0.7089266180992126,0.45256006717681885,0.5778493285179138,0.10745010524988174,0.8132495284080505,0.4548226594924927,0.3864244818687439,0.12940914928913116,0.689051628112793,0.4522032141685486,0.586352527141571,0.11427449434995651,0.7337061762809753,0.45778754353523254,0.38141930103302,0.10558650642633438,0.7574477195739746,0.4565854072570801,0.5943403244018555,0.09342792630195618,0.8218402862548828
jumping,0.467195600271225,0.48149317502975464,-0.13510121405124664,0.9978846311569214,0.46642497181892395,0.478196382522583,-0.14303116500377655,0.9979597926139832,0.4661914110183716,0.4750730097293854,-0.1430315524339676,0.9982591271400452,0.4660549759864807,0.4728040397167206,-0.14305266737937927,0.9983323216438293,0.46654030680656433,0.48425808548927307,-0.14259861409664154,0.9983937740325928,0.4655166268348694,0.4852578639984131,-0.1426505148410797,0.9985517859458923,0.4652600884437561,0.487007200717926,-0.14269039034843445,0.9985478520393372,0.46413689851760864,0.47634994983673096,-0.14891059696674347,0.9968507885932922,0.4628368020057678,0.4890783131122589,-0.14807525277137756,0.9967987537384033,0.46683838963508606,0.4780896306037903,-0.13385803997516632,0.996163547039032,0.46634480357170105,0.4843403697013855,-0.1335313767194748,0.996077835559845,0.46093183755874634,0.4567071795463562,-0.12489020079374313,0.9934816360473633,0.4557531476020813,0.5055885314941406,-0.12399320304393768,0.9961081147193909,0.4520796835422516,0.44196945428848267,-0.11517349630594254,0.9393833875656128,0.45079198479652405,0.5332885980606079,-0.12100955843925476,0.9611092209815979,0.44421353936195374,0.4153262972831726,-0.11357523500919342,0.9011813998222351,0.4492117166519165,0.5626922845840454,-0.13386450707912445,0.8999038934707642,0.4425295293331146,0.4050014913082123,-0.11720658838748932,0.8460981845855713,0.44798433780670166,0.5705722570419312,-0.14770716428756714,0.8426317572593689,0.4439460337162018,0.4083477556705475,-0.11753593385219574,0.8448929190635681,0.44985464215278625,0.566695511341095,-0.15042249858379364,0.8411986231803894,0.44450441002845764,0.41380348801612854,-0.11268429458141327,0.7774083018302917,0.4501603841781616,0.5635111927986145,-0.13571447134017944,0.7836962938308716,0.4405822455883026,0.47936221957206726,0.0032644832972437143,0.9951379895210266,0.4377123713493347,0.495774507522583,-0.003302532946690917,0.9967035055160522,0.44882938265800476,0.45572659373283386,0.0682302862405777,0.49816378951072693,0.4503958821296692,0.5028809905052185,0.007523900829255581,0.7596760988235474,0.44813260436058044,0.4283929765224457,0.16831561923027039,0.6500924229621887,0.4493444859981537,0.5062550902366638,0.08936873823404312,0.7489673495292664,0.44733956456184387,0.4241234362125397,0.17938756942749023,0.6353134512901306,0.4474550783634186,0.5053302049636841,0.09930101037025452,0.6767725348472595,0.44967418909072876,0.4222407937049866,0.17440803349018097,0.7011030912399292,0.45319658517837524,0.5138266086578369,0.09768227487802505,0.7633294463157654
jumping,0.4570637345314026,0.48235875368118286,-0.15659423172473907,0.9968776106834412,0.4604283571243286,0.48396483063697815,-0.1589893400669098,0.9979770183563232,0.46099597215652466,0.485576331615448,-0.15851172804832458,0.9981701970100403,0.46165701746940613,0.48744478821754456,-0.15771926939487457,0.9983272552490234,0.45945072174072266,0.48167651891708374,-0.16797573864459991,0.998328447341919,0.4592181146144867,0.4798910617828369,-0.16796158254146576,0.9983493685722351,0.4590297341346741,0.47829052805900574,-0.16802266240119934,0.9983968138694763,0.4633070230484009,0.49194034934043884,-0.16761933267116547,0.9969305396080017,0.4627758264541626,0.47452569007873535,-0.1688319742679596,0.996887743473053,0.4572105407714844,0.48481643199920654,-0.1640029400587082,0.9961948990821838,0.45606544613838196,0.482827752828598,-0.16681179404258728,0.9959436058998108,0.4617185592651367,0.5140004754066467,-0.12839354574680328,0.9939123392105103,0.455566942691803,0.4570474326610565,-0.1266232132911682,0.9962446689605713,0.4514508843421936,0.5413237810134888,-0.1270550638437271,0.8935858607292175,0.4461791217327118,0.4391472339630127,-0.11018886417150497,0.9002548456192017,0.44530725479125977,0.5457106828689575,-0.15199191868305206,0.8345823287963867,0.44299739599227905,0.4335872530937195,-0.11277495324611664,0.8208868503570557,0.44600215554237366,0.5494248270988464,-0.15510696172714233,0.7867152690887451,0.44311583042144775,0.428915411233902,-0.11329451948404312,0.771035373210907,0.4465971291065216,0.547297477722168,-0.15923520922660828,0.7887699604034424,0.4440555274486542,0.4302847981452942,-0.11950726062059402,0.7713174223899841,0.4463897943496704,0.5442610383033752,-0.1535748392343521,0.7262840270996094,0.44447997212409973,0.43310463428497314,-0.11471084505319595,0.7201493382453918,0.44369348883628845,0.5036662817001343,-7.326628838200122e-05,0.9955868721008301,0.44078701734542847,0.47250229120254517,0.00020345863595139235,0.9970104098320007,0.4379507899284363,0.5207546949386597,-0.05298197641968727,0.5170164108276367,0.44308146834373474,0.43477749824523926,-0.07159546762704849,0.7637072801589966,0.4422192871570587,0.49205565452575684,-0.016120288521051407,0.6005878448486328,0.44505617022514343,0.46980464458465576,-0.0452331081032753,0.6918951272964478,0.4438590109348297,0.4898650050163269,-0.010953008197247982,0.5893441438674927,0.4456128478050232,0.4742904007434845,-0.04084468632936478,0.6294941306114197,0.44676944613456726,0.4758828580379486,-0.02125992439687252,0.6502090692520142,0.4506765604019165,0.48449790477752686,-0.051200561225414276,0.710281491279602
jumping,0.45542553067207336,0.4843071401119232,-0.2189248651266098,0.9925845265388489,0.4588227868080139,0.48682862520217896,-0.2189870923757553,0.9973292946815491,0.4594108760356903,0.48884209990501404,-0.21898125112056732,0.9971137642860413,0.46005740761756897,0.49082642793655396,-0.21903619170188904,0.9976707100868225,0.457787424325943,0.48139065504074097,-0.22095730900764465,0.9976438879966736,0.45764121413230896,0.47922483086586,-0.22101686894893646,0.9974086284637451,0.45747411251068115,0.4772338271141052,-0.2210386097431183,0.9975389838218689,0.4628331959247589,0.4936930239200592,-0.1860484629869461,0.9958574175834656,0.46223029494285583,0.4715379774570465,-0.19278652966022491,0.9962759613990784,0.45533907413482666,0.4874311089515686,-0.2035471498966217,0.9954210519790649,0.45429208874702454,0.48270946741104126,-0.2057025283575058,0.9950280785560608,0.4620009660720825,0.5147528648376465,-0.1338547319173813,0.9941140413284302,0.4550958275794983,0.4512332081794739,-0.13632416725158691,0.996148407459259,0.4517565667629242,0.5392903089523315,-0.1379198282957077,0.8524566888809204,0.4463866055011749,0.42947298288345337,-0.12346748262643814,0.8632665276527405,0.4439219832420349,0.5423327684402466,-0.15591087937355042,0.7727395296096802,0.44361764192581177,0.4180167317390442,-0.13101598620414734,0.7619115114212036,0.4441746175289154,0.5465816259384155,-0.16049709916114807,0.7314919233322144,0.4442400634288788,0.4113498628139496,-0.13414278626441956,0.7201334834098816,0.4440917670726776,0.5430440902709961,-0.16569846868515015,0.7369284629821777,0.4450875520706177,0.41331347823143005,-0.14078979194164276,0.7231520414352417,0.4440785348415375,0.5398713946342468,-0.15796509385108948,0.680094301700592,0.4451831877231598,0.4169653356075287,-0.13340012729167938,0.6747172474861145,0.44842779636383057,0.5002706050872803,-0.00020866963313892484,0.9959909319877625,0.4462977349758148,0.46369102597236633,0.00032138271490111947,0.9972866177558899,0.4408699572086334,0.5157874822616577,-0.05566535145044327,0.5131911635398865,0.44499215483665466,0.4320077896118164,-0.08574897795915604,0.7420918345451355,0.44393327832221985,0.48546600341796875,-0.0038666280452162027,0.5469578504562378,0.44783133268356323,0.4439721703529358,-0.056899379938840866,0.6335868835449219,0.44504639506340027,0.4821884036064148,0.0021151865366846323,0.5392909049987793,0.4470266103744507,0.4464660584926605,-0.0532258115708828,0.5821179747581482,0.4473119080066681,0.4730995297431946,-0.011507927440106869,0.5961431860923767,0.4528578221797943,0.4496527910232544,-0.07219859957695007,0.6616053581237793
jumping,0.47321388125419617,0.5485347509384155,0.00624184962362051,0.9916272759437561,0.46920761466026306,0.5397379994392395,-0.0048416596837341785,0.9963172078132629,0.4698184132575989,0.5359287858009338,-0.004876540973782539,0.9959571957588196,0.4699391722679138,0.5345229506492615,-0.004894687328487635,0.9967593550682068,0.4689227342605591,0.5378869771957397,0.011065161786973476,0.9962317943572998,0.469155490398407,0.5355949997901917,0.011046960949897766,0.9949436187744141,0.4691590368747711,0.5334404706954956,0.010942522436380386,0.9958411455154419,0.4730014204978943,0.5214270353317261,-0.027542036026716232,0.9946257472038269,0.47203534841537476,0.5229392051696777,0.04296254739165306,0.9952934980392456,0.47620120644569397,0.5451470017433167,0.0008149826317094266,0.9916800856590271,0.4764330983161926,0.5430296063423157,0.021382076665759087,0.9908725023269653,0.49310123920440674,0.5228307247161865,-0.0675741657614708,0.9944887757301331,0.4973445534706116,0.5444012880325317,0.08537068217992783,0.9954235553741455,0.47305887937545776,0.5235719084739685,-0.16254274547100067,0.858966052532196,0.4869244694709778,0.565995991230011,0.16795380413532257,0.7857874631881714,0.4623200297355652,0.49755197763442993,-0.22557590901851654,0.7792869210243225,0.4726937413215637,0.565459132194519,0.2177458256483078,0.701633095741272,0.4613572061061859,0.48655712604522705,-0.2451871782541275,0.7397246360778809,0.4716717600822449,0.5648297667503357,0.23123513162136078,0.668662428855896,0.4627198874950409,0.4859994351863861,-0.2412385493516922,0.7441944479942322,0.46998330950737,0.5608624815940857,0.2175057977437973,0.6719440817832947,0.46368780732154846,0.4925703704357147,-0.22577179968357086,0.691329836845398,0.469985693693161,0.5622166395187378,0.21317869424819946,0.6299062371253967,0.5842058062553406,0.6181254982948303,-0.05121004953980446,0.9960994720458984,0.5835415720939636,0.6247513890266418,0.051226917654275894,0.9971029758453369,0.6352311968803406,0.7107551097869873,-0.05210671201348305,0.4957829415798187,0.6348673701286316,0.7117364406585693,0.03878237307071686,0.6786749362945557,0.6918972730636597,0.746464729309082,-0.04661177843809128,0.5391060709953308,0.6951364278793335,0.7524008750915527,0.0631452277302742,0.5814052820205688,0.7026112079620361,0.7475200891494751,-0.04679684713482857,0.5630280375480652,0.7059546709060669,0.7515071630477905,0.06375595927238464,0.5524266362190247,0.7018094658851624,0.7658101320266724,-0.08269947022199631,0.5901249051094055,0.7056095004081726,0.7899221181869507,0.030391927808523178,0.611604630947113
jumping,0.39168888330459595,0.48988959193229675,-0.06414593756198883,0.9920817017555237,0.384540855884552,0.4865640699863434,-0.052730269730091095,0.9962684512138367,0.3848726153373718,0.4835672378540039,-0.05277958884835243,0.9957064390182495,0.3852331042289734,0.4805751144886017,-0.05281194671988487,0.9966569542884827,0.3829153776168823,0.4968884587287903,-0.06714010238647461,0.9961870908737183,0.382143497467041,0.5016719102859497,-0.06713810563087463,0.9948386549949646,0.3813788592815399,0.5064367055892944,-0.06722132116556168,0.995826780796051,0.3865364193916321,0.4865071475505829,0.03203331306576729,0.9941126704216003,0.3790740966796875,0.5377418398857117,-0.035254258662462234,0.9952586889266968,0.399141788482666,0.49025657773017883,-0.028564458712935448,0.9918457269668579,0.39735156297683716,0.5027526617050171,-0.04817185178399086,0.9911671876907349,0.4184293746948242,0.478604793548584,0.08662935346364975,0.9950020909309387,0.4071928858757019,0.5669794082641602,-0.05644905939698219,0.9958444237709045,0.4475827217102051,0.45654651522636414,0.039627496153116226,0.804898738861084,0.44760462641716003,0.547661304473877,-0.17514444887638092,0.800055205821991,0.44375938177108765,0.4542657434940338,-0.0666961744427681,0.7633751630783081,0.4484427273273468,0.45923158526420593,-0.24782919883728027,0.7207105159759521,0.4470135271549225,0.448999285697937,-0.08957824110984802,0.7257828712463379,0.4529295563697815,0.4388505220413208,-0.27493560314178467,0.6853142380714417,0.4422743618488312,0.4566267430782318,-0.09355204552412033,0.7297132015228271,0.4483107030391693,0.43407654762268066,-0.26692503690719604,0.6868669390678406,0.4423845112323761,0.4591027796268463,-0.07201964408159256,0.6794627904891968,0.4484986364841461,0.4416554570198059,-0.24488483369350433,0.6426430344581604,0.5332069993019104,0.5103719830513,0.03902976214885712,0.9964545965194702,0.5285965204238892,0.5756908655166626,-0.03903695195913315,0.9973439574241638,0.608411967754364,0.5007425546646118,-0.021929770708084106,0.4817660450935364,0.6010377407073975,0.6348052024841309,-0.12036434561014175,0.6740452647209167,0.6856450438499451,0.5106337666511536,0.04491801932454109,0.5273209810256958,0.6813461184501648,0.6978671550750732,-0.04405494034290314,0.5932372212409973,0.6974005103111267,0.525658905506134,0.0481480211019516,0.5534970164299011,0.6916091442108154,0.7064427137374878,-0.0387384332716465,0.5405532717704773,0.7080600261688232,0.46826648712158203,-0.02242623083293438,0.5869508981704712,0.7090303897857666,0.700668454170227,-0.12393595278263092,0.6256603002548218
jumping,0.4251565635204315,0.4714926779270172,-0.01907116360962391,0.9927819967269897,0.42251384258270264,0.4645811915397644,-0.012298406101763248,0.9965466856956482,0.42361390590667725,0.4626927077770233,-0.012347622774541378,0.9960141777992249,0.4247570037841797,0.460790753364563,-0.012376651167869568,0.9968967437744141,0.41957366466522217,0.4706571400165558,-0.012549097649753094,0.996441125869751,0.41860246658325195,0.47347769141197205,-0.012556337751448154,0.995180606842041,0.41763657331466675,0.47631213068962097,-0.012653347104787827,0.9961073994636536,0.43079322576522827,0.4659002721309662,0.03087572008371353,0.9945360422134399,0.4212830662727356,0.4875658452510834,0.025980297476053238,0.9954795241355896,0.4338449239730835,0.4761684238910675,-0.0021671303547918797,0.9924119114875793,0.4302046597003937,0.484592467546463,-0.0034779650159180164,0.9917318820953369,0.4657226800918579,0.46605706214904785,0.015550321899354458,0.9953816533088684,0.4477829933166504,0.5520684719085693,0.02772037871181965,0.9959431290626526,0.48816099762916565,0.46802353858947754,-0.07997813075780869,0.7879326343536377,0.46396633982658386,0.5850304365158081,-0.08264905959367752,0.7874436378479004,0.4722181558609009,0.44844165444374084,-0.17813770473003387,0.7660025358200073,0.4444235563278198,0.5424862504005432,-0.18143728375434875,0.7211205959320068,0.4650799036026001,0.44121938943862915,-0.202315092086792,0.7287486791610718,0.4430586099624634,0.5312905311584473,-0.19821619987487793,0.6839656829833984,0.460814893245697,0.44089996814727783,-0.19933198392391205,0.7315748929977417,0.439399778842926,0.5268920660018921,-0.19377751648426056,0.6839921474456787,0.4691771864891052,0.44511163234710693,-0.18010714650154114,0.6848744750022888,0.4416770339012146,0.5312412977218628,-0.18257080018520355,0.6425989270210266,0.575397253036499,0.5228860378265381,-0.009184305556118488,0.9967496991157532,0.5642204284667969,0.5902743339538574,0.009253865107893944,0.9975476264953613,0.6430391073226929,0.5586261749267578,-0.07753627747297287,0.49573057889938354,0.6241798400878906,0.687645673751831,-0.025004437193274498,0.6728414297103882,0.6973758339881897,0.6029166579246521,0.026203278452157974,0.5247448086738586,0.6802365183830261,0.7880450487136841,0.05780387669801712,0.6059496402740479,0.6992809772491455,0.5966261625289917,0.03432847186923027,0.548170268535614,0.6871265172958374,0.8007766008377075,0.06414086371660233,0.5397568941116333,0.7254085540771484,0.5947233438491821,-0.01036626286804676,0.5847408771514893,0.7010352611541748,0.8336309790611267,0.011434564366936684,0.6325563192367554
jumping,0.43092501163482666,0.4433906674385071,0.027325917035341263,0.9928240180015564,0.4222523272037506,0.4446294903755188,0.03533896431326866,0.9959397315979004,0.4176652133464813,0.4474922716617584,0.035289254039525986,0.9951770305633545,0.4179023504257202,0.4472504258155823,0.03527012839913368,0.9965256452560425,0.4217347204685211,0.4470798075199127,0.010477679781615734,0.9961292743682861,0.4208112061023712,0.45010095834732056,0.010446141473948956,0.9947532415390015,0.41989749670028687,0.45311492681503296,0.010317016392946243,0.9958789348602295,0.4183991253376007,0.4629998803138733,0.08391504734754562,0.9939520359039307,0.41691553592681885,0.4739457666873932,-0.029777370393276215,0.995046854019165,0.4362543821334839,0.45396193861961365,0.04902568832039833,0.9923007488250732,0.435394287109375,0.45719480514526367,0.01595049537718296,0.9918139576911926,0.453619122505188,0.4930230677127838,0.1435897946357727,0.9953718781471252,0.43340396881103516,0.5287795066833496,-0.08679717034101486,0.9962937831878662,0.4794403612613678,0.5045612454414368,0.1927904635667801,0.7215979695320129,0.4439374804496765,0.5412918925285339,-0.20009662210941315,0.8009219765663147,0.4740997552871704,0.4603903293609619,0.17107003927230835,0.7146711945533752,0.4443165957927704,0.4891229271888733,-0.2664749026298523,0.7400795817375183,0.47459888458251953,0.4495368003845215,0.1704777032136917,0.6847730875015259,0.4487156867980957,0.4831792712211609,-0.28568699955940247,0.7045565843582153,0.4695563316345215,0.4468020796775818,0.16133247315883636,0.6882879734039307,0.44666633009910583,0.47195786237716675,-0.2746347188949585,0.7040095925331116,0.4697125554084778,0.45075324177742004,0.1655057966709137,0.6455997824668884,0.4461979568004608,0.47619906067848206,-0.26118960976600647,0.6633190512657166,0.5812252759933472,0.5442418456077576,0.07129749655723572,0.9968939423561096,0.5712160468101501,0.5746095776557922,-0.07130733877420425,0.9977330565452576,0.6653661131858826,0.5584592223167419,0.011307737790048122,0.4892333149909973,0.6371669769287109,0.5726941227912903,-0.13678959012031555,0.6879414319992065,0.6719526648521423,0.7094573378562927,0.07227808982133865,0.5237025022506714,0.7187963724136353,0.5581769347190857,-0.07261032611131668,0.631832480430603,0.6663743257522583,0.7361414432525635,0.07811036705970764,0.5585477948188782,0.7252393364906311,0.5687713027000427,-0.06475399434566498,0.5735864639282227,0.6904317736625671,0.7305306196212769,0.04611517861485481,0.586596667766571,0.757557213306427,0.5143348574638367,-0.10742373764514923,0.6584501266479492
